load_id,customer_id,carrier_id,lane_id,origin_market_id,destination_market_id,load_created_timestamp,carrier_assigned_timestamp,pickup_datetime,delivery_datetime,equipment_class,customer_sell_rate,carrier_buy_rate,gross_margin,load_status,on_time_pickup,on_time_delivery
H00001,CU007,C001,CHI_NJ,CHI,NJ,2026-08-22 14:00:00,2026-08-22 22:00:00,2026-08-23 06:00:00,2026-08-24 03:00:00,DRY_VAN_53,2342.15,1780.41,561.74,DELIVERED,True,True
H00002,CU006,C010,DAL_PHX,DAL,PHX,2025-09-12 14:00:00,2025-09-12 19:00:00,2025-09-15 11:00:00,2025-09-16 12:00:00,DRY_VAN_53,2670.4,2064.39,606.01,DELIVERED,True,True
H00003,CU002,C005,IND_CLT,IND,CLT,2025-09-07 03:00:00,2025-09-07 08:00:00,2025-09-07 11:00:00,2025-09-08 09:00:00,DRY_VAN_53,2352.23,1785.38,566.85,DELIVERED,True,True
H00004,CU002,C006,CLT_NJ,CLT,NJ,2026-01-04 06:00:00,2026-01-04 14:00:00,2026-01-04 17:00:00,2026-01-05 11:00:00,DRY_VAN_53,2336.69,1718.93,617.76,DELIVERED,False,True
H00005,CU006,C009,CHI_ATL,CHI,ATL,2026-03-15 02:00:00,2026-03-15 06:00:00,2026-03-17 19:00:00,2026-03-18 19:00:00,DRY_VAN_53,2512.97,2053.36,459.61,DELIVERED,True,True
H00006,CU005,C005,IND_CLT,IND,CLT,2026-08-05 04:00:00,2026-08-05 15:00:00,2026-08-07 05:00:00,2026-08-07 20:00:00,DRY_VAN_53,2198.52,1706.03,492.49,DELIVERED,True,True
H00007,CU006,C003,DAL_PHX,DAL,PHX,2026-02-08 23:00:00,2026-02-09 04:00:00,2026-02-11 22:00:00,2026-02-13 00:00:00,DRY_VAN_53,2617.24,2124.57,492.66,DELIVERED,True,True
H00008,CU002,C002,CHI_MEM,CHI,MEM,2025-11-30 22:00:00,2025-12-01 00:00:00,2025-12-02 08:00:00,2025-12-02 23:00:00,DRY_VAN_53,1925.21,1397.87,527.34,DELIVERED,True,True
H00009,CU002,C009,CHI_NJ,CHI,NJ,2026-06-04 07:00:00,2026-06-04 13:00:00,2026-06-06 09:00:00,2026-06-07 08:00:00,DRY_VAN_53,2519.16,1989.55,529.62,DELIVERED,True,True
H00010,CU008,C008,MEM_ATL,MEM,ATL,2026-01-16 22:00:00,2026-01-16 23:00:00,2026-01-18 00:00:00,2026-01-18 15:00:00,DRY_VAN_53,1654.64,1041.3,613.34,DELIVERED,True,True
H00011,CU006,C008,MEM_ATL,MEM,ATL,2026-05-18 05:00:00,2026-05-18 16:00:00,2026-05-20 07:00:00,2026-05-20 22:00:00,DRY_VAN_53,2092.56,1330.07,762.49,DELIVERED,True,True
H00012,CU007,C006,CLT_NJ,CLT,NJ,2026-07-14 03:00:00,2026-07-14 12:00:00,2026-07-14 12:00:00,2026-07-15 07:00:00,DRY_VAN_53,2505.54,1736.95,768.58,DELIVERED,True,True
H00013,CU003,C008,MEM_ATL,MEM,ATL,2026-03-15 19:00:00,2026-03-16 02:00:00,2026-03-18 02:00:00,2026-03-18 19:00:00,DRY_VAN_53,1773.73,1192.87,580.86,DELIVERED,True,True
H00014,CU002,C006,CLT_ATL,CLT,ATL,2026-05-07 19:00:00,2026-05-08 06:00:00,2026-05-10 01:00:00,2026-05-10 08:00:00,DRY_VAN_53,1401.51,909.05,492.46,DELIVERED,True,True
H00015,CU003,C004,LAX_DAL,LAX,DAL,2026-08-14 13:00:00,2026-08-14 20:00:00,2026-08-16 11:00:00,2026-08-17 23:00:00,DRY_VAN_53,3528.7,2857.22,671.47,DELIVERED,True,True
H00016,CU006,C001,CHI_ATL,CHI,ATL,2025-10-05 14:00:00,2025-10-05 22:00:00,2025-10-06 21:00:00,2025-10-07 19:00:00,DRY_VAN_53,2579.54,1966.72,612.82,DELIVERED,True,True
H00017,CU004,C004,LAX_PHX,LAX,PHX,2026-07-24 23:00:00,2026-07-25 05:00:00,2026-07-26 08:00:00,2026-07-26 18:00:00,DRY_VAN_53,1536.98,1039.0,497.98,DELIVERED,True,False
H00018,CU002,C008,MEM_ATL,MEM,ATL,2025-09-07 17:00:00,2025-09-07 20:00:00,2025-09-10 08:00:00,2025-09-11 00:00:00,DRY_VAN_53,1829.13,1237.52,591.61,DELIVERED,True,True
H00019,CU001,C001,CHI_NJ,CHI,NJ,2026-02-02 03:00:00,2026-02-02 09:00:00,2026-02-02 16:00:00,2026-02-03 11:00:00,DRY_VAN_53,2817.65,2099.29,718.36,DELIVERED,True,True
H00020,CU005,C010,DAL_PHX,DAL,PHX,2025-11-13 20:00:00,2025-11-14 07:00:00,2025-11-16 04:00:00,2025-11-17 11:00:00,DRY_VAN_53,2758.46,2205.38,553.08,DELIVERED,True,True
H00021,CU002,C006,CLT_NJ,CLT,NJ,2025-11-10 13:00:00,2025-11-10 14:00:00,2025-11-12 17:00:00,2025-11-13 12:00:00,DRY_VAN_53,2167.88,1570.18,597.7,DELIVERED,True,True
H00022,CU007,C006,CLT_NJ,CLT,NJ,2025-09-04 06:00:00,2025-09-04 13:00:00,2025-09-06 09:00:00,2025-09-07 01:00:00,DRY_VAN_53,2212.09,1670.32,541.77,DELIVERED,True,True
H00023,CU008,C008,MEM_ATL,MEM,ATL,2026-08-24 07:00:00,2026-08-24 14:00:00,2026-08-25 03:00:00,2026-08-25 16:00:00,DRY_VAN_53,1619.01,996.72,622.29,DELIVERED,True,True
H00024,CU005,C004,LAX_PHX,LAX,PHX,2025-12-10 23:00:00,2025-12-11 00:00:00,2025-12-11 23:00:00,2025-12-12 14:00:00,DRY_VAN_53,1680.72,1130.75,549.97,DELIVERED,True,True
H00025,CU008,C010,DAL_ATL,DAL,ATL,2026-05-29 07:00:00,2026-05-29 11:00:00,2026-06-01 06:00:00,2026-06-02 07:00:00,DRY_VAN_53,2514.17,1840.51,673.66,DELIVERED,True,True
H00026,CU007,C004,LAX_DAL,LAX,DAL,2026-08-13 21:00:00,2026-08-13 23:00:00,2026-08-16 11:00:00,2026-08-18 00:00:00,DRY_VAN_53,3597.21,3084.39,512.82,DELIVERED,True,True
H00027,CU008,C008,MEM_CHI,MEM,CHI,2025-09-19 17:00:00,2025-09-20 01:00:00,2025-09-20 09:00:00,2025-09-20 22:00:00,DRY_VAN_53,2065.08,1556.28,508.8,DELIVERED,True,True
H00028,CU006,C007,ATL_NJ,ATL,NJ,2026-03-30 13:00:00,2026-03-30 14:00:00,2026-04-01 19:00:00,2026-04-02 21:00:00,DRY_VAN_53,2870.28,2141.63,728.65,DELIVERED,True,True
H00029,CU008,C009,CHI_ATL,CHI,ATL,2026-08-20 07:00:00,2026-08-20 09:00:00,2026-08-23 00:00:00,2026-08-24 01:00:00,DRY_VAN_53,2404.94,1926.94,477.99,DELIVERED,True,True
H00030,CU006,C005,IND_CLT,IND,CLT,2025-10-26 16:00:00,2025-10-27 02:00:00,2025-10-28 11:00:00,2025-10-29 06:00:00,DRY_VAN_53,2396.15,1700.68,695.47,DELIVERED,True,True
H00031,CU003,C007,ATL_MEM,ATL,MEM,2025-10-13 19:00:00,2025-10-14 00:00:00,2025-10-16 10:00:00,2025-10-16 20:00:00,DRY_VAN_53,1856.49,1230.69,625.8,DELIVERED,True,True
H00032,CU005,C005,IND_ATL,IND,ATL,2026-04-21 18:00:00,2026-04-21 22:00:00,2026-04-24 14:00:00,2026-04-25 07:00:00,DRY_VAN_53,1968.11,1473.59,494.52,DELIVERED,True,True
H00033,CU001,C007,ATL_MEM,ATL,MEM,2026-04-13 05:00:00,2026-04-13 10:00:00,2026-04-13 23:00:00,2026-04-14 16:00:00,DRY_VAN_53,1674.0,1094.96,579.04,DELIVERED,True,True
H00034,CU005,C006,CLT_ATL,CLT,ATL,2026-03-16 14:00:00,2026-03-17 01:00:00,2026-03-18 13:00:00,2026-03-19 00:00:00,DRY_VAN_53,1861.8,976.13,885.68,DELIVERED,True,True
H00035,CU003,C003,DAL_HOU,DAL,HOU,2025-12-01 04:00:00,2025-12-01 13:00:00,2025-12-02 03:00:00,2025-12-02 10:00:00,DRY_VAN_53,1580.74,864.0,716.74,DELIVERED,True,True
H00036,CU007,C005,IND_CLT,IND,CLT,2026-06-03 00:00:00,2026-06-03 10:00:00,2026-06-04 21:00:00,2026-06-05 15:00:00,DRY_VAN_53,2454.5,1709.56,744.94,DELIVERED,True,True
H00037,CU005,C001,CHI_ATL,CHI,ATL,2026-02-26 14:00:00,2026-02-26 16:00:00,2026-03-01 00:00:00,2026-03-02 00:00:00,DRY_VAN_53,2825.19,1966.88,858.31,DELIVERED,True,True
H00038,CU006,C009,CHI_ATL,CHI,ATL,2025-10-02 20:00:00,2025-10-03 02:00:00,2025-10-05 00:00:00,2025-10-05 23:00:00,DRY_VAN_53,2422.16,1929.48,492.68,DELIVERED,True,True
H00039,CU002,C007,ATL_MEM,ATL,MEM,2026-01-07 20:00:00,2026-01-08 07:00:00,2026-01-09 02:00:00,2026-01-09 14:00:00,DRY_VAN_53,1592.36,927.08,665.28,DELIVERED,True,True
H00040,CU005,C004,LAX_PHX,LAX,PHX,2025-11-30 04:00:00,2025-11-30 05:00:00,2025-12-03 02:00:00,2025-12-03 15:00:00,DRY_VAN_53,1728.16,1102.3,625.85,DELIVERED,True,False
H00041,CU008,C001,CHI_NJ,CHI,NJ,2026-03-06 20:00:00,2026-03-06 21:00:00,2026-03-08 12:00:00,2026-03-09 14:00:00,DRY_VAN_53,2423.92,2071.2,352.72,DELIVERED,True,True
H00042,CU005,C008,MEM_CHI,MEM,CHI,2026-04-27 22:00:00,2026-04-28 08:00:00,2026-04-28 11:00:00,2026-04-29 04:00:00,DRY_VAN_53,1862.82,1410.42,452.4,DELIVERED,False,True
H00043,CU007,C008,MEM_ATL,MEM,ATL,2026-02-09 16:00:00,2026-02-10 00:00:00,2026-02-11 19:00:00,2026-02-12 11:00:00,DRY_VAN_53,1923.53,1326.76,596.77,DELIVERED,True,False
H00044,CU004,C006,CLT_ATL,CLT,ATL,2026-08-19 16:00:00,2026-08-19 22:00:00,2026-08-20 21:00:00,2026-08-21 11:00:00,DRY_VAN_53,1374.09,838.59,535.5,DELIVERED,True,True
H00045,CU001,C005,IND_CLT,IND,CLT,2026-02-07 16:00:00,2026-02-08 00:00:00,2026-02-08 14:00:00,2026-02-09 05:00:00,DRY_VAN_53,2042.29,1659.52,382.77,DELIVERED,True,True
H00046,CU004,C009,CHI_NJ,CHI,NJ,2026-08-15 15:00:00,2026-08-15 16:00:00,2026-08-17 01:00:00,2026-08-17 20:00:00,DRY_VAN_53,2701.42,2105.41,596.02,DELIVERED,True,True
H00047,CU002,C005,IND_CLT,IND,CLT,2026-05-03 02:00:00,2026-05-03 08:00:00,2026-05-05 00:00:00,2026-05-05 17:00:00,DRY_VAN_53,2033.7,1633.61,400.09,DELIVERED,True,True
H00048,CU003,C008,MEM_ATL,MEM,ATL,2025-09-05 02:00:00,2025-09-05 08:00:00,2025-09-06 23:00:00,2025-09-07 12:00:00,DRY_VAN_53,2004.49,1367.21,637.28,DELIVERED,False,True
H00049,CU007,C008,MEM_ATL,MEM,ATL,2025-09-03 14:00:00,2025-09-03 21:00:00,2025-09-06 02:00:00,2025-09-06 13:00:00,DRY_VAN_53,1719.13,1199.88,519.25,DELIVERED,True,True
H00050,CU006,C009,CHI_ATL,CHI,ATL,2026-05-07 20:00:00,2026-05-08 02:00:00,2026-05-08 17:00:00,2026-05-09 13:00:00,DRY_VAN_53,2445.4,1929.02,516.38,DELIVERED,True,True
H00051,CU005,C007,ATL_NJ,ATL,NJ,2026-08-05 20:00:00,2026-08-06 07:00:00,2026-08-08 11:00:00,2026-08-09 11:00:00,DRY_VAN_53,2732.32,2080.35,651.98,DELIVERED,True,True
H00052,CU005,C007,ATL_NJ,ATL,NJ,2025-12-21 21:00:00,2025-12-22 05:00:00,2025-12-24 18:00:00,2025-12-25 15:00:00,DRY_VAN_53,2715.03,2173.37,541.66,DELIVERED,True,True
H00053,CU003,C008,MEM_ATL,MEM,ATL,2026-03-18 20:00:00,2026-03-19 04:00:00,2026-03-20 19:00:00,2026-03-21 08:00:00,DRY_VAN_53,1895.78,1210.43,685.34,DELIVERED,True,True
H00054,CU005,C004,LAX_PHX,LAX,PHX,2026-01-31 13:00:00,2026-01-31 22:00:00,2026-02-03 01:00:00,2026-02-03 15:00:00,DRY_VAN_53,1683.59,1065.81,617.79,DELIVERED,True,False
H00055,CU002,C008,MEM_CHI,MEM,CHI,2025-10-30 02:00:00,2025-10-30 13:00:00,2025-10-31 17:00:00,2025-11-01 11:00:00,DRY_VAN_53,1994.06,1545.81,448.25,DELIVERED,True,True
H00056,CU005,C004,LAX_DAL,LAX,DAL,2026-03-25 16:00:00,2026-03-26 02:00:00,2026-03-26 16:00:00,2026-03-28 06:00:00,DRY_VAN_53,3401.13,2961.78,439.35,DELIVERED,True,True
H00057,CU002,C007,ATL_MEM,ATL,MEM,2025-11-19 00:00:00,2025-11-19 06:00:00,2025-11-19 16:00:00,2025-11-20 08:00:00,DRY_VAN_53,1583.68,1163.69,419.99,DELIVERED,True,True
H00058,CU003,C006,CLT_NJ,CLT,NJ,2026-07-27 03:00:00,2026-07-27 06:00:00,2026-07-27 19:00:00,2026-07-28 10:00:00,DRY_VAN_53,2102.82,1581.68,521.14,DELIVERED,True,True
H00059,CU002,C006,CLT_ATL,CLT,ATL,2026-01-06 20:00:00,2026-01-07 00:00:00,2026-01-08 18:00:00,2026-01-09 06:00:00,DRY_VAN_53,1565.97,963.23,602.74,DELIVERED,True,True
H00060,CU004,C006,CLT_NJ,CLT,NJ,2025-09-27 03:00:00,2025-09-27 11:00:00,2025-09-29 23:00:00,2025-09-30 19:00:00,DRY_VAN_53,2048.54,1643.98,404.56,DELIVERED,True,True
H00061,CU001,C010,DAL_HOU,DAL,HOU,2026-08-01 15:00:00,2026-08-01 21:00:00,2026-08-03 23:00:00,2026-08-04 07:00:00,DRY_VAN_53,1541.22,990.5,550.72,DELIVERED,True,True
H00062,CU002,C005,IND_CLT,IND,CLT,2026-05-26 15:00:00,2026-05-27 01:00:00,2026-05-28 11:00:00,2026-05-29 07:00:00,DRY_VAN_53,2302.98,1825.84,477.14,DELIVERED,True,True
H00063,CU003,C004,LAX_DAL,LAX,DAL,2025-10-18 18:00:00,2025-10-19 03:00:00,2025-10-19 10:00:00,2025-10-21 01:00:00,DRY_VAN_53,3401.63,2883.47,518.16,DELIVERED,True,True
H00064,CU005,C010,DAL_HOU,DAL,HOU,2025-12-10 20:00:00,2025-12-11 07:00:00,2025-12-11 16:00:00,2025-12-12 05:00:00,DRY_VAN_53,1730.6,1049.83,680.77,DELIVERED,True,True
H00065,CU003,C005,IND_ATL,IND,ATL,2026-07-30 23:00:00,2026-07-31 05:00:00,2026-07-31 20:00:00,2026-08-01 12:00:00,DRY_VAN_53,2086.78,1510.29,576.49,DELIVERED,True,True
H00066,CU004,C008,MEM_CHI,MEM,CHI,2025-09-18 03:00:00,2025-09-18 14:00:00,2025-09-20 17:00:00,2025-09-21 11:00:00,DRY_VAN_53,2248.29,1566.58,681.71,DELIVERED,True,True
H00067,CU008,C008,MEM_CHI,MEM,CHI,2026-06-12 07:00:00,2026-06-12 17:00:00,2026-06-14 17:00:00,2026-06-15 06:00:00,DRY_VAN_53,2083.12,1413.97,669.16,DELIVERED,True,True
H00068,CU006,C001,CHI_NJ,CHI,NJ,2026-08-24 15:00:00,2026-08-24 18:00:00,2026-08-27 09:00:00,2026-08-28 06:00:00,DRY_VAN_53,2393.03,1892.42,500.62,DELIVERED,True,True
H00069,CU001,C006,CLT_ATL,CLT,ATL,2025-09-15 02:00:00,2025-09-15 13:00:00,2025-09-17 10:00:00,2025-09-18 00:00:00,DRY_VAN_53,1088.26,758.88,329.38,DELIVERED,True,True
H00070,CU008,C001,CHI_MEM,CHI,MEM,2026-08-22 21:00:00,2026-08-23 07:00:00,2026-08-25 11:00:00,2026-08-26 03:00:00,DRY_VAN_53,2016.97,1559.63,457.34,DELIVERED,True,True
H00071,CU001,C008,MEM_CHI,MEM,CHI,2026-02-26 03:00:00,2026-02-26 09:00:00,2026-02-27 14:00:00,2026-02-28 03:00:00,DRY_VAN_53,2135.36,1597.84,537.53,DELIVERED,True,True
H00072,CU007,C006,CLT_ATL,CLT,ATL,2025-09-16 14:00:00,2025-09-16 19:00:00,2025-09-17 18:00:00,2025-09-18 02:00:00,DRY_VAN_53,1286.0,894.94,391.06,DELIVERED,True,True
H00073,CU004,C010,DAL_ATL,DAL,ATL,2026-07-25 14:00:00,2026-07-25 22:00:00,2026-07-26 14:00:00,2026-07-27 11:00:00,DRY_VAN_53,2334.4,1794.97,539.43,DELIVERED,False,True
H00074,CU003,C003,DAL_PHX,DAL,PHX,2025-12-02 05:00:00,2025-12-02 06:00:00,2025-12-04 21:00:00,2025-12-05 22:00:00,DRY_VAN_53,2685.81,2150.01,535.81,DELIVERED,True,True
H00075,CU007,C007,ATL_MEM,ATL,MEM,2025-09-29 23:00:00,2025-09-30 06:00:00,2025-10-02 10:00:00,2025-10-03 00:00:00,DRY_VAN_53,1600.76,1158.04,442.72,DELIVERED,True,True
H00076,CU008,C007,ATL_MEM,ATL,MEM,2025-12-06 23:00:00,2025-12-07 08:00:00,2025-12-08 14:00:00,2025-12-09 02:00:00,DRY_VAN_53,1528.33,929.9,598.43,DELIVERED,True,True
H00077,CU001,C008,MEM_CHI,MEM,CHI,2026-02-22 22:00:00,2026-02-23 03:00:00,2026-02-24 04:00:00,2026-02-24 18:00:00,DRY_VAN_53,1999.51,1564.25,435.26,DELIVERED,True,True
H00078,CU004,C007,ATL_MEM,ATL,MEM,2025-08-30 07:00:00,2025-08-30 08:00:00,2025-08-31 10:00:00,2025-09-01 00:00:00,DRY_VAN_53,1762.73,1088.12,674.61,DELIVERED,True,True
H00079,CU006,C010,DAL_ATL,DAL,ATL,2025-11-16 14:00:00,2025-11-16 21:00:00,2025-11-19 01:00:00,2025-11-19 22:00:00,DRY_VAN_53,2175.81,1742.71,433.09,DELIVERED,True,True
H00080,CU002,C008,MEM_CHI,MEM,CHI,2025-11-04 06:00:00,2025-11-04 11:00:00,2025-11-05 16:00:00,2025-11-06 08:00:00,DRY_VAN_53,2006.11,1396.11,610.0,DELIVERED,True,True
H00081,CU008,C004,LAX_PHX,LAX,PHX,2026-04-02 15:00:00,2026-04-02 19:00:00,2026-04-05 06:00:00,2026-04-05 21:00:00,DRY_VAN_53,1702.53,1170.48,532.04,DELIVERED,True,True
H00082,CU007,C007,ATL_MEM,ATL,MEM,2026-06-19 20:00:00,2026-06-20 01:00:00,2026-06-20 12:00:00,2026-06-21 03:00:00,DRY_VAN_53,1676.76,1046.71,630.04,DELIVERED,True,True
H00083,CU008,C005,IND_CLT,IND,CLT,2026-07-21 14:00:00,2026-07-21 21:00:00,2026-07-22 06:00:00,2026-07-22 23:00:00,DRY_VAN_53,2413.88,1643.09,770.79,DELIVERED,True,True
H00084,CU008,C005,IND_CLT,IND,CLT,2025-10-09 17:00:00,2025-10-10 03:00:00,2025-10-12 12:00:00,2025-10-13 06:00:00,DRY_VAN_53,2133.88,1626.43,507.45,DELIVERED,True,True
H00085,CU002,C004,LAX_DAL,LAX,DAL,2026-05-13 14:00:00,2026-05-13 23:00:00,2026-05-13 23:00:00,2026-05-15 12:00:00,DRY_VAN_53,3870.22,3050.68,819.54,DELIVERED,True,True
H00086,CU001,C005,IND_CLT,IND,CLT,2026-06-21 21:00:00,2026-06-22 05:00:00,2026-06-24 01:00:00,2026-06-24 19:00:00,DRY_VAN_53,2129.47,1652.72,476.75,DELIVERED,True,True
H00087,CU003,C003,DAL_PHX,DAL,PHX,2026-07-31 17:00:00,2026-07-31 23:00:00,2026-08-01 19:00:00,2026-08-03 00:00:00,DRY_VAN_53,2984.2,2282.36,701.83,DELIVERED,True,True
H00088,CU007,C005,IND_CLT,IND,CLT,2026-04-01 07:00:00,2026-04-01 14:00:00,2026-04-01 16:00:00,2026-04-02 08:00:00,DRY_VAN_53,2436.46,1543.59,892.87,DELIVERED,True,True
H00089,CU004,C004,LAX_PHX,LAX,PHX,2026-05-25 07:00:00,2026-05-25 18:00:00,2026-05-27 01:00:00,2026-05-27 14:00:00,DRY_VAN_53,1699.08,1021.86,677.22,DELIVERED,True,True
H00090,CU005,C001,CHI_ATL,CHI,ATL,2026-05-03 18:00:00,2026-05-04 00:00:00,2026-05-05 07:00:00,2026-05-06 02:00:00,DRY_VAN_53,2657.32,2046.97,610.35,DELIVERED,True,True
H00091,CU004,C009,CHI_NJ,CHI,NJ,2025-10-22 06:00:00,2025-10-22 07:00:00,2025-10-22 19:00:00,2025-10-23 15:00:00,DRY_VAN_53,2953.93,2274.99,678.94,DELIVERED,True,True
H00092,CU004,C002,CHI_MEM,CHI,MEM,2025-09-21 16:00:00,2025-09-21 21:00:00,2025-09-23 03:00:00,2025-09-23 22:00:00,DRY_VAN_53,2320.19,1623.19,697.0,DELIVERED,True,True
H00093,CU003,C004,LAX_DAL,LAX,DAL,2026-03-22 16:00:00,2026-03-22 20:00:00,2026-03-24 19:00:00,2026-03-26 04:00:00,DRY_VAN_53,3627.33,2740.72,886.61,DELIVERED,True,True
H00094,CU003,C001,CHI_MEM,CHI,MEM,2025-12-03 00:00:00,2025-12-03 04:00:00,2025-12-05 20:00:00,2025-12-06 09:00:00,DRY_VAN_53,2339.66,1607.98,731.68,DELIVERED,True,True
H00095,CU006,C007,ATL_MEM,ATL,MEM,2026-02-21 21:00:00,2026-02-22 05:00:00,2026-02-24 16:00:00,2026-02-25 07:00:00,DRY_VAN_53,1820.08,1179.78,640.3,DELIVERED,True,True
H00096,CU007,C004,LAX_DAL,LAX,DAL,2025-09-02 19:00:00,2025-09-02 23:00:00,2025-09-05 10:00:00,2025-09-06 21:00:00,DRY_VAN_53,3754.3,3020.62,733.67,DELIVERED,True,True
H00097,CU007,C010,DAL_ATL,DAL,ATL,2026-06-22 23:00:00,2026-06-23 08:00:00,2026-06-23 07:00:00,2026-06-24 07:00:00,DRY_VAN_53,2310.43,1858.57,451.86,DELIVERED,True,True
H00098,CU003,C004,LAX_PHX,LAX,PHX,2026-08-04 23:00:00,2026-08-05 03:00:00,2026-08-07 04:00:00,2026-08-07 19:00:00,DRY_VAN_53,1620.35,1073.64,546.71,DELIVERED,True,True
H00099,CU005,C009,CHI_ATL,CHI,ATL,2026-02-03 02:00:00,2026-02-03 09:00:00,2026-02-04 17:00:00,2026-02-05 15:00:00,DRY_VAN_53,2313.71,1837.63,476.08,DELIVERED,True,True
H00100,CU007,C010,DAL_PHX,DAL,PHX,2026-06-08 18:00:00,2026-06-09 01:00:00,2026-06-09 07:00:00,2026-06-10 13:00:00,DRY_VAN_53,2820.79,2175.09,645.69,DELIVERED,True,True
H00101,CU003,C006,CLT_NJ,CLT,NJ,2026-01-19 19:00:00,2026-01-19 22:00:00,2026-01-21 04:00:00,2026-01-22 02:00:00,DRY_VAN_53,2061.57,1577.65,483.93,DELIVERED,True,True
H00102,CU008,C007,ATL_NJ,ATL,NJ,2026-07-26 01:00:00,2026-07-26 06:00:00,2026-07-26 10:00:00,2026-07-27 10:00:00,DRY_VAN_53,2902.72,2115.25,787.47,DELIVERED,True,True
H00103,CU005,C009,CHI_NJ,CHI,NJ,2026-03-14 19:00:00,2026-03-15 00:00:00,2026-03-17 15:00:00,2026-03-18 15:00:00,DRY_VAN_53,2745.74,2135.13,610.62,DELIVERED,True,True
H00104,CU006,C005,IND_ATL,IND,ATL,2026-02-13 17:00:00,2026-02-13 21:00:00,2026-02-15 02:00:00,2026-02-15 15:00:00,DRY_VAN_53,2191.33,1504.01,687.32,DELIVERED,True,True
H00105,CU003,C004,LAX_PHX,LAX,PHX,2026-01-05 03:00:00,2026-01-05 06:00:00,2026-01-08 02:00:00,2026-01-08 12:00:00,DRY_VAN_53,1608.78,1073.82,534.96,DELIVERED,True,True
H00106,CU006,C008,MEM_ATL,MEM,ATL,2026-07-02 19:00:00,2026-07-03 01:00:00,2026-07-04 16:00:00,2026-07-05 04:00:00,DRY_VAN_53,1528.17,1164.48,363.69,DELIVERED,True,True
H00107,CU002,C009,CHI_NJ,CHI,NJ,2026-07-13 17:00:00,2026-07-14 02:00:00,2026-07-16 03:00:00,2026-07-17 00:00:00,DRY_VAN_53,2750.81,2096.19,654.61,DELIVERED,True,True
H00108,CU006,C002,CHI_MEM,CHI,MEM,2025-08-30 07:00:00,2025-08-30 13:00:00,2025-08-30 15:00:00,2025-08-31 08:00:00,DRY_VAN_53,2098.36,1495.26,603.1,DELIVERED,True,True
H00109,CU004,C008,MEM_CHI,MEM,CHI,2026-01-08 01:00:00,2026-01-08 03:00:00,2026-01-09 16:00:00,2026-01-10 12:00:00,DRY_VAN_53,2010.37,1545.54,464.83,DELIVERED,True,True
H00110,CU003,C003,DAL_HOU,DAL,HOU,2025-10-25 03:00:00,2025-10-25 14:00:00,2025-10-25 21:00:00,2025-10-26 06:00:00,DRY_VAN_53,1631.49,1007.51,623.98,DELIVERED,True,True
H00111,CU007,C007,ATL_NJ,ATL,NJ,2026-07-15 15:00:00,2026-07-15 17:00:00,2026-07-16 19:00:00,2026-07-17 21:00:00,DRY_VAN_53,2599.85,1996.56,603.29,DELIVERED,True,True
H00112,CU001,C008,MEM_ATL,MEM,ATL,2026-01-11 00:00:00,2026-01-11 01:00:00,2026-01-11 18:00:00,2026-01-12 06:00:00,DRY_VAN_53,1921.4,1392.64,528.75,DELIVERED,True,True
H00113,CU001,C007,ATL_NJ,ATL,NJ,2026-01-02 04:00:00,2026-01-02 11:00:00,2026-01-03 14:00:00,2026-01-04 11:00:00,DRY_VAN_53,2544.24,2110.97,433.27,DELIVERED,True,True
H00114,CU001,C008,MEM_CHI,MEM,CHI,2025-11-22 03:00:00,2025-11-22 05:00:00,2025-11-22 20:00:00,2025-11-23 13:00:00,DRY_VAN_53,1886.52,1310.45,576.06,DELIVERED,True,True
H00115,CU002,C001,CHI_MEM,CHI,MEM,2026-03-04 22:00:00,2026-03-05 08:00:00,2026-03-06 10:00:00,2026-03-07 04:00:00,DRY_VAN_53,2316.09,1647.87,668.22,DELIVERED,True,True
H00116,CU006,C005,IND_ATL,IND,ATL,2025-09-01 21:00:00,2025-09-01 22:00:00,2025-09-02 10:00:00,2025-09-03 05:00:00,DRY_VAN_53,1868.65,1438.25,430.4,DELIVERED,True,True
H00117,CU002,C006,CLT_NJ,CLT,NJ,2026-08-20 03:00:00,2026-08-20 07:00:00,2026-08-20 21:00:00,2026-08-21 13:00:00,DRY_VAN_53,2539.4,1840.17,699.22,DELIVERED,True,True
H00118,CU006,C007,ATL_MEM,ATL,MEM,2026-02-27 05:00:00,2026-02-27 09:00:00,2026-03-01 08:00:00,2026-03-01 21:00:00,DRY_VAN_53,1575.58,992.12,583.46,DELIVERED,True,True
H00119,CU002,C004,LAX_PHX,LAX,PHX,2025-12-01 18:00:00,2025-12-02 04:00:00,2025-12-04 06:00:00,2025-12-04 20:00:00,DRY_VAN_53,1715.53,1184.54,530.99,DELIVERED,True,False
H00120,CU001,C008,MEM_ATL,MEM,ATL,2026-04-20 06:00:00,2026-04-20 13:00:00,2026-04-21 19:00:00,2026-04-22 08:00:00,DRY_VAN_53,1734.81,1222.58,512.24,DELIVERED,True,True
H00121,CU005,C005,IND_CLT,IND,CLT,2025-10-22 07:00:00,2025-10-22 15:00:00,2025-10-24 22:00:00,2025-10-25 17:00:00,DRY_VAN_53,2211.53,1594.17,617.36,DELIVERED,True,True
H00122,CU005,C005,IND_CLT,IND,CLT,2025-10-20 22:00:00,2025-10-21 06:00:00,2025-10-21 07:00:00,2025-10-22 04:00:00,DRY_VAN_53,2315.11,1681.8,633.31,DELIVERED,True,True
H00123,CU006,C006,CLT_NJ,CLT,NJ,2025-11-12 01:00:00,2025-11-12 02:00:00,2025-11-14 19:00:00,2025-11-15 16:00:00,DRY_VAN_53,2076.85,1651.62,425.24,DELIVERED,True,True
H00124,CU001,C008,MEM_ATL,MEM,ATL,2026-06-18 16:00:00,2026-06-18 21:00:00,2026-06-19 15:00:00,2026-06-20 03:00:00,DRY_VAN_53,1917.44,1158.09,759.35,DELIVERED,True,False
H00125,CU004,C005,IND_CLT,IND,CLT,2025-12-03 02:00:00,2025-12-03 11:00:00,2025-12-05 22:00:00,2025-12-06 16:00:00,DRY_VAN_53,2418.84,1658.63,760.22,DELIVERED,True,True
H00126,CU008,C005,IND_CLT,IND,CLT,2025-12-18 13:00:00,2025-12-19 00:00:00,2025-12-20 05:00:00,2025-12-20 22:00:00,DRY_VAN_53,1891.71,1423.76,467.95,DELIVERED,True,True
H00127,CU004,C006,CLT_NJ,CLT,NJ,2026-01-27 22:00:00,2026-01-28 06:00:00,2026-01-30 00:00:00,2026-01-30 19:00:00,DRY_VAN_53,2434.42,1769.75,664.67,DELIVERED,True,True
H00128,CU005,C006,CLT_NJ,CLT,NJ,2026-03-13 13:00:00,2026-03-13 20:00:00,2026-03-15 10:00:00,2026-03-16 07:00:00,DRY_VAN_53,2195.04,1623.92,571.12,DELIVERED,True,True
H00129,CU005,C004,LAX_DAL,LAX,DAL,2026-05-05 04:00:00,2026-05-05 11:00:00,2026-05-07 20:00:00,2026-05-09 06:00:00,DRY_VAN_53,3500.42,2938.24,562.18,DELIVERED,True,True
H00130,CU008,C007,ATL_NJ,ATL,NJ,2026-01-04 18:00:00,2026-01-05 00:00:00,2026-01-07 02:00:00,2026-01-08 00:00:00,DRY_VAN_53,2832.47,2219.39,613.08,DELIVERED,True,True
H00131,CU001,C010,DAL_ATL,DAL,ATL,2026-01-21 03:00:00,2026-01-21 11:00:00,2026-01-22 05:00:00,2026-01-23 03:00:00,DRY_VAN_53,2357.17,1879.07,478.11,DELIVERED,True,True
H00132,CU004,C001,CHI_MEM,CHI,MEM,2026-04-19 13:00:00,2026-04-19 18:00:00,2026-04-22 04:00:00,2026-04-22 21:00:00,DRY_VAN_53,2312.64,1692.75,619.89,DELIVERED,False,True
H00133,CU005,C005,IND_ATL,IND,ATL,2026-05-18 05:00:00,2026-05-18 10:00:00,2026-05-20 20:00:00,2026-05-21 15:00:00,DRY_VAN_53,1950.44,1579.52,370.91,DELIVERED,True,True
H00134,CU007,C007,ATL_MEM,ATL,MEM,2025-11-25 07:00:00,2025-11-25 18:00:00,2025-11-28 00:00:00,2025-11-28 10:00:00,DRY_VAN_53,1533.52,1189.19,344.33,DELIVERED,True,True
H00135,CU005,C002,CHI_MEM,CHI,MEM,2026-02-12 22:00:00,2026-02-13 04:00:00,2026-02-14 02:00:00,2026-02-14 19:00:00,DRY_VAN_53,2025.33,1443.21,582.11,DELIVERED,True,True
H00136,CU002,C001,CHI_MEM,CHI,MEM,2026-05-19 13:00:00,2026-05-19 23:00:00,2026-05-21 23:00:00,2026-05-22 17:00:00,DRY_VAN_53,2030.62,1574.72,455.9,DELIVERED,True,True
H00137,CU003,C005,IND_ATL,IND,ATL,2025-12-24 05:00:00,2025-12-24 13:00:00,2025-12-25 16:00:00,2025-12-26 07:00:00,DRY_VAN_53,2075.72,1479.23,596.49,DELIVERED,True,True
H00138,CU006,C004,LAX_PHX,LAX,PHX,2026-07-19 13:00:00,2026-07-19 14:00:00,2026-07-21 13:00:00,2026-07-22 00:00:00,DRY_VAN_53,1750.14,1033.33,716.81,DELIVERED,True,False
H00139,CU002,C007,ATL_MEM,ATL,MEM,2026-01-19 20:00:00,2026-01-20 03:00:00,2026-01-21 08:00:00,2026-01-22 01:00:00,DRY_VAN_53,1819.02,1219.44,599.58,DELIVERED,True,True
H00140,CU005,C007,ATL_NJ,ATL,NJ,2025-08-31 22:00:00,2025-09-01 07:00:00,2025-09-03 00:00:00,2025-09-03 22:00:00,DRY_VAN_53,2508.81,2107.52,401.29,DELIVERED,True,True
H00141,CU001,C005,IND_ATL,IND,ATL,2025-12-10 22:00:00,2025-12-11 02:00:00,2025-12-12 12:00:00,2025-12-13 02:00:00,DRY_VAN_53,1974.66,1483.35,491.31,DELIVERED,True,True
H00142,CU001,C005,IND_ATL,IND,ATL,2025-11-05 00:00:00,2025-11-05 03:00:00,2025-11-06 00:00:00,2025-11-06 15:00:00,DRY_VAN_53,1979.82,1573.57,406.25,DELIVERED,True,True
H00143,CU004,C007,ATL_NJ,ATL,NJ,2025-10-23 03:00:00,2025-10-23 12:00:00,2025-10-25 20:00:00,2025-10-26 23:00:00,DRY_VAN_53,2600.77,1985.94,614.83,DELIVERED,True,False
H00144,CU001,C002,CHI_MEM,CHI,MEM,2026-04-23 05:00:00,2026-04-23 07:00:00,2026-04-25 22:00:00,2026-04-26 11:00:00,DRY_VAN_53,1939.85,1427.15,512.7,DELIVERED,True,True
H00145,CU002,C006,CLT_ATL,CLT,ATL,2025-09-05 16:00:00,2025-09-06 03:00:00,2025-09-06 21:00:00,2025-09-07 06:00:00,DRY_VAN_53,1415.92,947.99,467.94,DELIVERED,True,True
H00146,CU002,C004,LAX_DAL,LAX,DAL,2026-03-18 17:00:00,2026-03-19 00:00:00,2026-03-20 03:00:00,2026-03-21 19:00:00,DRY_VAN_53,3394.92,2833.24,561.68,DELIVERED,False,True
H00147,CU001,C005,IND_ATL,IND,ATL,2026-05-07 23:00:00,2026-05-08 07:00:00,2026-05-09 03:00:00,2026-05-09 18:00:00,DRY_VAN_53,2037.52,1513.14,524.38,DELIVERED,True,True
H00148,CU004,C009,CHI_NJ,CHI,NJ,2026-01-24 00:00:00,2026-01-24 09:00:00,2026-01-26 15:00:00,2026-01-27 16:00:00,DRY_VAN_53,2698.84,2117.65,581.19,DELIVERED,True,True
H00149,CU004,C005,IND_ATL,IND,ATL,2026-06-24 18:00:00,2026-06-24 23:00:00,2026-06-26 00:00:00,2026-06-26 18:00:00,DRY_VAN_53,2377.36,1727.72,649.64,DELIVERED,True,True
H00150,CU007,C005,IND_CLT,IND,CLT,2025-11-15 19:00:00,2025-11-15 22:00:00,2025-11-18 06:00:00,2025-11-18 21:00:00,DRY_VAN_53,2332.48,1714.99,617.5,DELIVERED,True,True
H00151,CU002,C008,MEM_ATL,MEM,ATL,2025-12-25 06:00:00,2025-12-25 07:00:00,2025-12-25 15:00:00,2025-12-26 02:00:00,DRY_VAN_53,1860.07,1245.84,614.23,DELIVERED,True,True
H00152,CU007,C002,CHI_ATL,CHI,ATL,2026-01-28 06:00:00,2026-01-28 09:00:00,2026-01-29 11:00:00,2026-01-30 10:00:00,DRY_VAN_53,2756.33,1876.38,879.94,DELIVERED,True,True
H00153,CU001,C008,MEM_CHI,MEM,CHI,2026-03-22 18:00:00,2026-03-23 02:00:00,2026-03-25 06:00:00,2026-03-26 00:00:00,DRY_VAN_53,2173.87,1446.25,727.62,DELIVERED,False,True
H00154,CU007,C009,CHI_ATL,CHI,ATL,2026-07-09 07:00:00,2026-07-09 16:00:00,2026-07-09 18:00:00,2026-07-10 14:00:00,DRY_VAN_53,2563.55,1991.67,571.88,DELIVERED,True,True
H00155,CU004,C006,CLT_NJ,CLT,NJ,2025-11-14 19:00:00,2025-11-15 05:00:00,2025-11-16 23:00:00,2025-11-17 18:00:00,DRY_VAN_53,2330.57,1687.4,643.17,DELIVERED,True,True
H00156,CU007,C009,CHI_ATL,CHI,ATL,2026-01-29 19:00:00,2026-01-29 23:00:00,2026-01-31 07:00:00,2026-02-01 02:00:00,DRY_VAN_53,2410.51,1930.95,479.56,DELIVERED,True,True
H00157,CU002,C004,LAX_PHX,LAX,PHX,2025-10-20 17:00:00,2025-10-20 20:00:00,2025-10-23 13:00:00,2025-10-24 04:00:00,DRY_VAN_53,1710.13,1058.65,651.48,DELIVERED,True,True
H00158,CU006,C004,LAX_PHX,LAX,PHX,2026-07-10 04:00:00,2026-07-10 14:00:00,2026-07-11 11:00:00,2026-07-11 21:00:00,DRY_VAN_53,1659.92,1145.19,514.73,DELIVERED,True,True
H00159,CU004,C008,MEM_ATL,MEM,ATL,2025-10-08 02:00:00,2025-10-08 11:00:00,2025-10-10 21:00:00,2025-10-11 10:00:00,DRY_VAN_53,1818.22,1184.19,634.04,DELIVERED,True,True
H00160,CU002,C005,IND_ATL,IND,ATL,2026-07-18 07:00:00,2026-07-18 15:00:00,2026-07-19 11:00:00,2026-07-20 05:00:00,DRY_VAN_53,1990.53,1574.44,416.08,DELIVERED,True,True
H00161,CU004,C008,MEM_ATL,MEM,ATL,2026-02-21 07:00:00,2026-02-21 15:00:00,2026-02-23 03:00:00,2026-02-23 18:00:00,DRY_VAN_53,1467.86,1037.26,430.6,DELIVERED,True,True
H00162,CU008,C002,CHI_ATL,CHI,ATL,2025-11-23 17:00:00,2025-11-23 22:00:00,2025-11-24 21:00:00,2025-11-25 20:00:00,DRY_VAN_53,2639.42,1929.29,710.13,DELIVERED,True,True
H00163,CU001,C002,CHI_MEM,CHI,MEM,2026-01-11 05:00:00,2026-01-11 13:00:00,2026-01-13 19:00:00,2026-01-14 12:00:00,DRY_VAN_53,2290.18,1533.12,757.06,DELIVERED,True,True
H00164,CU005,C002,CHI_ATL,CHI,ATL,2025-12-02 17:00:00,2025-12-02 19:00:00,2025-12-03 06:00:00,2025-12-04 04:00:00,DRY_VAN_53,2569.36,1987.11,582.26,DELIVERED,True,True
H00165,CU003,C003,DAL_ATL,DAL,ATL,2026-07-16 22:00:00,2026-07-17 03:00:00,2026-07-17 12:00:00,2026-07-18 11:00:00,DRY_VAN_53,2702.41,1943.6,758.81,DELIVERED,True,True
H00166,CU001,C004,LAX_DAL,LAX,DAL,2026-01-16 17:00:00,2026-01-16 19:00:00,2026-01-17 18:00:00,2026-01-19 03:00:00,DRY_VAN_53,3655.11,2970.0,685.11,DELIVERED,True,True
H00167,CU007,C007,ATL_MEM,ATL,MEM,2026-07-14 23:00:00,2026-07-15 03:00:00,2026-07-17 05:00:00,2026-07-17 15:00:00,DRY_VAN_53,1452.06,1094.62,357.44,DELIVERED,True,True
H00168,CU002,C005,IND_CLT,IND,CLT,2026-02-20 17:00:00,2026-02-20 18:00:00,2026-02-21 12:00:00,2026-02-22 07:00:00,DRY_VAN_53,2005.89,1551.45,454.44,DELIVERED,True,True
H00169,CU005,C005,IND_CLT,IND,CLT,2026-06-21 05:00:00,2026-06-21 15:00:00,2026-06-23 21:00:00,2026-06-24 13:00:00,DRY_VAN_53,1986.96,1734.18,252.78,DELIVERED,True,True
H00170,CU002,C002,CHI_MEM,CHI,MEM,2026-01-31 17:00:00,2026-02-01 04:00:00,2026-02-02 09:00:00,2026-02-03 05:00:00,DRY_VAN_53,2300.46,1603.31,697.15,DELIVERED,True,True
H00171,CU005,C008,MEM_ATL,MEM,ATL,2025-09-13 17:00:00,2025-09-14 03:00:00,2025-09-14 21:00:00,2025-09-15 09:00:00,DRY_VAN_53,1568.18,1137.27,430.91,DELIVERED,True,True
H00172,CU007,C007,ATL_MEM,ATL,MEM,2026-04-29 00:00:00,2026-04-29 08:00:00,2026-04-30 02:00:00,2026-04-30 13:00:00,DRY_VAN_53,1695.73,1132.06,563.67,DELIVERED,True,True
H00173,CU003,C005,IND_ATL,IND,ATL,2026-04-02 23:00:00,2026-04-03 08:00:00,2026-04-03 15:00:00,2026-04-04 06:00:00,DRY_VAN_53,1888.65,1530.8,357.84,DELIVERED,True,True
H00174,CU008,C005,IND_CLT,IND,CLT,2026-03-19 19:00:00,2026-03-20 05:00:00,2026-03-20 13:00:00,2026-03-21 05:00:00,DRY_VAN_53,2236.93,1659.04,577.89,DELIVERED,True,True
H00175,CU004,C003,DAL_PHX,DAL,PHX,2025-11-24 21:00:00,2025-11-24 23:00:00,2025-11-26 04:00:00,2025-11-27 07:00:00,DRY_VAN_53,2751.78,2004.84,746.95,DELIVERED,True,True
H00176,CU001,C001,CHI_NJ,CHI,NJ,2026-07-12 18:00:00,2026-07-12 21:00:00,2026-07-15 07:00:00,2026-07-16 04:00:00,DRY_VAN_53,2362.67,1810.99,551.68,DELIVERED,True,True
H00177,CU008,C006,CLT_ATL,CLT,ATL,2025-11-25 14:00:00,2025-11-25 21:00:00,2025-11-28 08:00:00,2025-11-28 22:00:00,DRY_VAN_53,1209.8,853.99,355.81,DELIVERED,True,True
H00178,CU001,C007,ATL_MEM,ATL,MEM,2026-01-12 13:00:00,2026-01-12 21:00:00,2026-01-14 05:00:00,2026-01-14 22:00:00,DRY_VAN_53,1548.16,1066.19,481.97,DELIVERED,True,True
H00179,CU002,C004,LAX_PHX,LAX,PHX,2026-01-17 23:00:00,2026-01-18 02:00:00,2026-01-20 15:00:00,2026-01-21 06:00:00,DRY_VAN_53,1637.68,1096.2,541.48,DELIVERED,False,True
H00180,CU004,C004,LAX_PHX,LAX,PHX,2025-11-09 05:00:00,2025-11-09 16:00:00,2025-11-10 16:00:00,2025-11-11 05:00:00,DRY_VAN_53,1825.7,1289.78,535.93,DELIVERED,True,True
H00181,CU002,C006,CLT_ATL,CLT,ATL,2026-06-25 07:00:00,2026-06-25 13:00:00,2026-06-28 06:00:00,2026-06-28 19:00:00,DRY_VAN_53,1584.12,800.0,784.12,DELIVERED,True,True
H00182,CU003,C003,DAL_PHX,DAL,PHX,2026-06-15 14:00:00,2026-06-15 23:00:00,2026-06-16 16:00:00,2026-06-17 17:00:00,DRY_VAN_53,2744.5,2186.31,558.19,DELIVERED,True,True
H00183,CU002,C003,DAL_PHX,DAL,PHX,2025-12-05 06:00:00,2025-12-05 13:00:00,2025-12-06 16:00:00,2025-12-07 17:00:00,DRY_VAN_53,2653.3,2122.12,531.18,DELIVERED,True,True
H00184,CU007,C004,LAX_DAL,LAX,DAL,2026-03-31 20:00:00,2026-03-31 22:00:00,2026-04-02 13:00:00,2026-04-04 02:00:00,DRY_VAN_53,3483.57,3008.91,474.65,DELIVERED,True,True
H00185,CU002,C005,IND_CLT,IND,CLT,2026-06-30 17:00:00,2026-07-01 04:00:00,2026-07-03 00:00:00,2026-07-03 15:00:00,DRY_VAN_53,2566.49,1856.65,709.84,DELIVERED,True,True
H00186,CU007,C005,IND_CLT,IND,CLT,2026-03-09 16:00:00,2026-03-09 21:00:00,2026-03-12 15:00:00,2026-03-13 09:00:00,DRY_VAN_53,2103.28,1639.3,463.98,DELIVERED,True,True
H00187,CU008,C004,LAX_DAL,LAX,DAL,2026-05-13 22:00:00,2026-05-14 04:00:00,2026-05-16 03:00:00,2026-05-17 18:00:00,DRY_VAN_53,3553.61,2806.19,747.42,DELIVERED,True,True
H00188,CU003,C003,DAL_HOU,DAL,HOU,2025-09-07 07:00:00,2025-09-07 13:00:00,2025-09-08 06:00:00,2025-09-08 13:00:00,DRY_VAN_53,1576.86,935.94,640.92,DELIVERED,True,True
H00189,CU005,C007,ATL_NJ,ATL,NJ,2026-06-18 23:00:00,2026-06-19 08:00:00,2026-06-20 13:00:00,2026-06-21 17:00:00,DRY_VAN_53,2833.0,2225.97,607.04,DELIVERED,True,True
H00190,CU002,C009,CHI_NJ,CHI,NJ,2026-05-09 01:00:00,2026-05-09 10:00:00,2026-05-10 01:00:00,2026-05-10 21:00:00,DRY_VAN_53,2765.4,2172.71,592.7,DELIVERED,True,True
H00191,CU001,C005,IND_ATL,IND,ATL,2025-10-23 00:00:00,2025-10-23 09:00:00,2025-10-23 14:00:00,2025-10-24 05:00:00,DRY_VAN_53,2218.95,1661.47,557.48,DELIVERED,True,True
H00192,CU008,C006,CLT_ATL,CLT,ATL,2026-02-18 05:00:00,2026-02-18 09:00:00,2026-02-19 14:00:00,2026-02-19 21:00:00,DRY_VAN_53,1262.82,902.29,360.53,DELIVERED,True,True
H00193,CU005,C005,IND_CLT,IND,CLT,2026-01-12 14:00:00,2026-01-12 15:00:00,2026-01-14 23:00:00,2026-01-15 19:00:00,DRY_VAN_53,2108.21,1589.45,518.76,DELIVERED,True,True
H00194,CU001,C010,DAL_HOU,DAL,HOU,2025-09-23 06:00:00,2025-09-23 17:00:00,2025-09-23 15:00:00,2025-09-23 23:00:00,DRY_VAN_53,1672.67,935.16,737.51,DELIVERED,True,True
H00195,CU008,C007,ATL_NJ,ATL,NJ,2026-05-31 19:00:00,2026-06-01 02:00:00,2026-06-01 17:00:00,2026-06-02 18:00:00,DRY_VAN_53,2826.1,2151.29,674.8,DELIVERED,True,True
H00196,CU007,C004,LAX_PHX,LAX,PHX,2026-05-15 14:00:00,2026-05-15 23:00:00,2026-05-16 16:00:00,2026-05-17 04:00:00,DRY_VAN_53,1629.39,1093.47,535.92,DELIVERED,True,True
H00197,CU001,C006,CLT_NJ,CLT,NJ,2026-06-30 13:00:00,2026-06-30 17:00:00,2026-07-02 20:00:00,2026-07-03 14:00:00,DRY_VAN_53,2410.94,1792.06,618.87,DELIVERED,True,True
H00198,CU002,C009,CHI_ATL,CHI,ATL,2025-11-12 01:00:00,2025-11-12 08:00:00,2025-11-12 20:00:00,2025-11-13 15:00:00,DRY_VAN_53,2413.78,1900.23,513.55,DELIVERED,True,True
H00199,CU002,C002,CHI_MEM,CHI,MEM,2025-11-10 19:00:00,2025-11-11 03:00:00,2025-11-13 03:00:00,2025-11-13 17:00:00,DRY_VAN_53,2094.96,1570.78,524.18,DELIVERED,True,True
H00200,CU004,C007,ATL_NJ,ATL,NJ,2026-07-18 06:00:00,2026-07-18 07:00:00,2026-07-19 06:00:00,2026-07-20 03:00:00,DRY_VAN_53,2507.01,2029.98,477.04,DELIVERED,True,True
H00201,CU007,C009,CHI_NJ,CHI,NJ,2025-10-02 18:00:00,2025-10-02 19:00:00,2025-10-03 14:00:00,2025-10-04 10:00:00,DRY_VAN_53,2723.18,2134.48,588.69,DELIVERED,True,True
H00202,CU001,C008,MEM_CHI,MEM,CHI,2025-10-03 15:00:00,2025-10-03 23:00:00,2025-10-04 09:00:00,2025-10-05 01:00:00,DRY_VAN_53,2008.75,1588.05,420.7,DELIVERED,True,True
H00203,CU008,C001,CHI_NJ,CHI,NJ,2026-01-10 01:00:00,2026-01-10 09:00:00,2026-01-12 23:00:00,2026-01-14 00:00:00,DRY_VAN_53,2511.06,1855.84,655.22,DELIVERED,True,True
H00204,CU006,C006,CLT_NJ,CLT,NJ,2026-03-29 07:00:00,2026-03-29 12:00:00,2026-03-31 18:00:00,2026-04-01 15:00:00,DRY_VAN_53,2287.91,1645.92,641.98,DELIVERED,True,True
H00205,CU002,C010,DAL_ATL,DAL,ATL,2026-07-21 14:00:00,2026-07-21 16:00:00,2026-07-23 04:00:00,2026-07-24 05:00:00,DRY_VAN_53,2238.74,1710.65,528.08,DELIVERED,True,True
H00206,CU008,C004,LAX_PHX,LAX,PHX,2026-03-11 17:00:00,2026-03-12 04:00:00,2026-03-13 18:00:00,2026-03-14 06:00:00,DRY_VAN_53,1702.79,1190.79,512.0,DELIVERED,True,True
H00207,CU005,C005,IND_CLT,IND,CLT,2026-05-14 07:00:00,2026-05-14 14:00:00,2026-05-17 04:00:00,2026-05-18 01:00:00,DRY_VAN_53,2238.65,1658.42,580.23,DELIVERED,True,True
H00208,CU005,C004,LAX_DAL,LAX,DAL,2025-09-17 20:00:00,2025-09-18 04:00:00,2025-09-20 17:00:00,2025-09-22 06:00:00,DRY_VAN_53,3688.66,2965.18,723.48,DELIVERED,True,True
H00209,CU005,C001,CHI_NJ,CHI,NJ,2025-11-01 15:00:00,2025-11-01 18:00:00,2025-11-04 06:00:00,2025-11-05 02:00:00,DRY_VAN_53,2520.28,2062.15,458.12,DELIVERED,True,True
H00210,CU002,C009,CHI_ATL,CHI,ATL,2026-04-13 19:00:00,2026-04-14 01:00:00,2026-04-14 14:00:00,2026-04-15 12:00:00,DRY_VAN_53,2465.05,1818.16,646.89,DELIVERED,True,True
H00211,CU002,C010,DAL_HOU,DAL,HOU,2026-07-10 14:00:00,2026-07-10 19:00:00,2026-07-13 10:00:00,2026-07-14 00:00:00,DRY_VAN_53,1338.84,835.37,503.46,DELIVERED,True,True
H00212,CU002,C006,CLT_ATL,CLT,ATL,2026-05-24 01:00:00,2026-05-24 03:00:00,2026-05-26 10:00:00,2026-05-26 21:00:00,DRY_VAN_53,1518.68,1010.81,507.87,DELIVERED,True,True
H00213,CU008,C006,CLT_NJ,CLT,NJ,2026-06-21 17:00:00,2026-06-22 01:00:00,2026-06-24 12:00:00,2026-06-25 03:00:00,DRY_VAN_53,2192.03,1768.01,424.02,DELIVERED,True,False
H00214,CU004,C004,LAX_DAL,LAX,DAL,2025-12-13 02:00:00,2025-12-13 08:00:00,2025-12-15 21:00:00,2025-12-17 06:00:00,DRY_VAN_53,3555.3,3078.45,476.86,DELIVERED,True,True
H00215,CU004,C010,DAL_ATL,DAL,ATL,2026-04-06 21:00:00,2026-04-07 00:00:00,2026-04-09 05:00:00,2026-04-10 07:00:00,DRY_VAN_53,2540.93,1907.07,633.86,DELIVERED,True,True
H00216,CU007,C006,CLT_ATL,CLT,ATL,2025-09-26 02:00:00,2025-09-26 13:00:00,2025-09-26 14:00:00,2025-09-27 04:00:00,DRY_VAN_53,1272.03,847.3,424.73,DELIVERED,False,True
H00217,CU006,C006,CLT_NJ,CLT,NJ,2026-07-18 18:00:00,2026-07-19 04:00:00,2026-07-21 04:00:00,2026-07-21 22:00:00,DRY_VAN_53,2302.87,1571.41,731.47,DELIVERED,True,True
H00218,CU008,C007,ATL_MEM,ATL,MEM,2026-01-22 21:00:00,2026-01-23 05:00:00,2026-01-24 06:00:00,2026-01-24 18:00:00,DRY_VAN_53,1609.5,1044.52,564.98,DELIVERED,True,True
H00219,CU006,C009,CHI_NJ,CHI,NJ,2025-10-13 07:00:00,2025-10-13 12:00:00,2025-10-14 13:00:00,2025-10-15 13:00:00,DRY_VAN_53,2913.17,2184.04,729.14,DELIVERED,True,True
H00220,CU007,C008,MEM_ATL,MEM,ATL,2025-12-23 13:00:00,2025-12-23 17:00:00,2025-12-26 10:00:00,2025-12-26 20:00:00,DRY_VAN_53,1539.02,1103.91,435.1,DELIVERED,True,True
H00221,CU006,C004,LAX_PHX,LAX,PHX,2025-09-09 22:00:00,2025-09-10 05:00:00,2025-09-11 14:00:00,2025-09-12 06:00:00,DRY_VAN_53,1758.07,1048.33,709.74,DELIVERED,True,True
H00222,CU001,C002,CHI_ATL,CHI,ATL,2026-02-14 03:00:00,2026-02-14 11:00:00,2026-02-14 15:00:00,2026-02-15 12:00:00,DRY_VAN_53,2351.94,1941.76,410.19,DELIVERED,True,True
H00223,CU007,C006,CLT_NJ,CLT,NJ,2025-12-27 06:00:00,2025-12-27 13:00:00,2025-12-29 02:00:00,2025-12-30 00:00:00,DRY_VAN_53,2250.9,1680.1,570.8,DELIVERED,True,True
H00224,CU005,C001,CHI_MEM,CHI,MEM,2026-03-21 03:00:00,2026-03-21 12:00:00,2026-03-22 02:00:00,2026-03-22 18:00:00,DRY_VAN_53,2256.34,1688.77,567.57,DELIVERED,True,True
H00225,CU005,C010,DAL_PHX,DAL,PHX,2026-02-27 22:00:00,2026-02-28 07:00:00,2026-02-28 10:00:00,2026-03-01 13:00:00,DRY_VAN_53,2928.69,2200.71,727.97,DELIVERED,True,True
H00226,CU007,C008,MEM_ATL,MEM,ATL,2026-03-11 22:00:00,2026-03-12 09:00:00,2026-03-13 18:00:00,2026-03-14 11:00:00,DRY_VAN_53,1737.1,1117.13,619.97,DELIVERED,True,True
H00227,CU005,C004,LAX_PHX,LAX,PHX,2026-03-10 01:00:00,2026-03-10 09:00:00,2026-03-12 02:00:00,2026-03-12 13:00:00,DRY_VAN_53,1474.24,986.49,487.75,DELIVERED,True,True
H00228,CU006,C001,CHI_ATL,CHI,ATL,2025-10-09 14:00:00,2025-10-09 19:00:00,2025-10-10 06:00:00,2025-10-11 00:00:00,DRY_VAN_53,2733.11,1898.02,835.09,DELIVERED,True,True
H00229,CU001,C007,ATL_NJ,ATL,NJ,2025-11-05 05:00:00,2025-11-05 12:00:00,2025-11-07 14:00:00,2025-11-08 12:00:00,DRY_VAN_53,2595.62,2086.37,509.25,DELIVERED,True,True
H00230,CU002,C006,CLT_ATL,CLT,ATL,2026-03-02 16:00:00,2026-03-02 21:00:00,2026-03-04 13:00:00,2026-03-05 01:00:00,DRY_VAN_53,1346.52,833.3,513.22,DELIVERED,True,True
H00231,CU001,C004,LAX_DAL,LAX,DAL,2025-09-09 05:00:00,2025-09-09 14:00:00,2025-09-11 23:00:00,2025-09-13 14:00:00,DRY_VAN_53,3399.4,2974.8,424.6,DELIVERED,True,True
H00232,CU002,C007,ATL_MEM,ATL,MEM,2026-06-19 14:00:00,2026-06-19 21:00:00,2026-06-21 20:00:00,2026-06-22 09:00:00,DRY_VAN_53,1459.19,1077.19,382.0,DELIVERED,True,True
H00233,CU004,C008,MEM_ATL,MEM,ATL,2025-10-02 16:00:00,2025-10-03 01:00:00,2025-10-04 10:00:00,2025-10-04 22:00:00,DRY_VAN_53,1632.49,1051.02,581.47,DELIVERED,True,True
H00234,CU001,C002,CHI_MEM,CHI,MEM,2025-11-07 01:00:00,2025-11-07 03:00:00,2025-11-08 01:00:00,2025-11-08 17:00:00,DRY_VAN_53,1982.46,1445.39,537.07,DELIVERED,True,True
H00235,CU001,C007,ATL_MEM,ATL,MEM,2025-10-24 18:00:00,2025-10-25 01:00:00,2025-10-26 17:00:00,2025-10-27 09:00:00,DRY_VAN_53,1351.04,1052.32,298.72,DELIVERED,True,True
H00236,CU005,C008,MEM_CHI,MEM,CHI,2025-10-15 02:00:00,2025-10-15 05:00:00,2025-10-15 16:00:00,2025-10-16 10:00:00,DRY_VAN_53,2323.59,1372.12,951.47,DELIVERED,True,True
H00237,CU008,C007,ATL_NJ,ATL,NJ,2025-09-09 06:00:00,2025-09-09 16:00:00,2025-09-11 22:00:00,2025-09-12 22:00:00,DRY_VAN_53,2947.17,2170.47,776.7,DELIVERED,True,True
H00238,CU001,C008,MEM_CHI,MEM,CHI,2025-12-24 01:00:00,2025-12-24 09:00:00,2025-12-25 06:00:00,2025-12-25 19:00:00,DRY_VAN_53,2098.57,1457.61,640.96,DELIVERED,True,True
H00239,CU005,C005,IND_CLT,IND,CLT,2026-06-27 21:00:00,2026-06-27 22:00:00,2026-06-30 05:00:00,2026-07-01 00:00:00,DRY_VAN_53,2119.14,1695.66,423.48,DELIVERED,True,True
H00240,CU003,C006,CLT_NJ,CLT,NJ,2025-12-26 22:00:00,2025-12-27 01:00:00,2025-12-28 11:00:00,2025-12-29 05:00:00,DRY_VAN_53,1940.92,1630.55,310.37,DELIVERED,True,True
H00241,CU006,C006,CLT_ATL,CLT,ATL,2026-05-21 03:00:00,2026-05-21 08:00:00,2026-05-23 21:00:00,2026-05-24 06:00:00,DRY_VAN_53,1370.81,860.83,509.98,DELIVERED,True,True
H00242,CU004,C008,MEM_CHI,MEM,CHI,2025-12-19 17:00:00,2025-12-20 04:00:00,2025-12-20 20:00:00,2025-12-21 09:00:00,DRY_VAN_53,2105.44,1406.43,699.0,DELIVERED,True,True
H00243,CU003,C002,CHI_ATL,CHI,ATL,2026-02-14 03:00:00,2026-02-14 07:00:00,2026-02-15 13:00:00,2026-02-16 08:00:00,DRY_VAN_53,2529.02,1936.61,592.41,DELIVERED,True,False
H00244,CU004,C001,CHI_ATL,CHI,ATL,2026-03-03 20:00:00,2026-03-04 06:00:00,2026-03-06 08:00:00,2026-03-07 08:00:00,DRY_VAN_53,2440.57,1993.83,446.74,DELIVERED,True,True
H00245,CU008,C010,DAL_PHX,DAL,PHX,2026-08-02 18:00:00,2026-08-03 03:00:00,2026-08-04 13:00:00,2026-08-05 17:00:00,DRY_VAN_53,2693.55,2112.1,581.45,DELIVERED,True,True
H00246,CU004,C002,CHI_ATL,CHI,ATL,2026-01-27 00:00:00,2026-01-27 09:00:00,2026-01-29 04:00:00,2026-01-30 03:00:00,DRY_VAN_53,2510.57,1949.41,561.16,DELIVERED,False,True
H00247,CU007,C008,MEM_CHI,MEM,CHI,2025-12-03 22:00:00,2025-12-04 06:00:00,2025-12-05 03:00:00,2025-12-05 18:00:00,DRY_VAN_53,1852.99,1510.99,342.0,DELIVERED,True,True
H00248,CU004,C010,DAL_PHX,DAL,PHX,2026-05-29 05:00:00,2026-05-29 08:00:00,2026-05-30 15:00:00,2026-05-31 19:00:00,DRY_VAN_53,2767.46,2179.87,587.59,DELIVERED,True,True
H00249,CU004,C004,LAX_DAL,LAX,DAL,2026-06-26 18:00:00,2026-06-27 00:00:00,2026-06-28 00:00:00,2026-06-29 09:00:00,DRY_VAN_53,3463.03,2916.72,546.32,DELIVERED,True,True
H00250,CU001,C006,CLT_NJ,CLT,NJ,2026-08-05 23:00:00,2026-08-06 01:00:00,2026-08-08 13:00:00,2026-08-09 11:00:00,DRY_VAN_53,2355.21,1777.84,577.38,DELIVERED,True,True
H00251,CU005,C006,CLT_ATL,CLT,ATL,2026-04-07 16:00:00,2026-04-07 19:00:00,2026-04-09 17:00:00,2026-04-10 05:00:00,DRY_VAN_53,1280.42,837.63,442.79,DELIVERED,True,False
H00252,CU001,C008,MEM_CHI,MEM,CHI,2026-04-22 01:00:00,2026-04-22 09:00:00,2026-04-23 00:00:00,2026-04-23 13:00:00,DRY_VAN_53,2021.97,1417.8,604.17,DELIVERED,True,True
H00253,CU008,C001,CHI_ATL,CHI,ATL,2026-01-01 04:00:00,2026-01-01 07:00:00,2026-01-02 13:00:00,2026-01-03 11:00:00,DRY_VAN_53,2602.21,2083.84,518.36,DELIVERED,True,True
H00254,CU008,C007,ATL_NJ,ATL,NJ,2025-10-23 04:00:00,2025-10-23 07:00:00,2025-10-25 13:00:00,2025-10-26 14:00:00,DRY_VAN_53,2963.65,2317.23,646.42,DELIVERED,True,True
H00255,CU004,C007,ATL_MEM,ATL,MEM,2025-12-04 04:00:00,2025-12-04 08:00:00,2025-12-06 18:00:00,2025-12-07 06:00:00,DRY_VAN_53,1645.73,1015.96,629.76,DELIVERED,True,True
H00256,CU004,C004,LAX_PHX,LAX,PHX,2026-06-14 19:00:00,2026-06-14 22:00:00,2026-06-16 11:00:00,2026-06-16 21:00:00,DRY_VAN_53,1607.04,1075.38,531.66,DELIVERED,True,True
H00257,CU004,C009,CHI_NJ,CHI,NJ,2026-04-27 22:00:00,2026-04-28 01:00:00,2026-04-30 09:00:00,2026-05-01 11:00:00,DRY_VAN_53,2598.3,2132.79,465.52,DELIVERED,True,True
H00258,CU005,C006,CLT_ATL,CLT,ATL,2026-05-20 14:00:00,2026-05-21 01:00:00,2026-05-21 09:00:00,2026-05-21 17:00:00,DRY_VAN_53,1653.67,1041.72,611.95,DELIVERED,True,True
H00259,CU006,C006,CLT_NJ,CLT,NJ,2026-05-06 17:00:00,2026-05-07 02:00:00,2026-05-08 10:00:00,2026-05-09 03:00:00,DRY_VAN_53,2159.58,1576.19,583.4,DELIVERED,True,False
H00260,CU001,C007,ATL_MEM,ATL,MEM,2026-03-16 19:00:00,2026-03-16 22:00:00,2026-03-18 03:00:00,2026-03-18 19:00:00,DRY_VAN_53,1518.42,1187.99,330.42,DELIVERED,True,True
H00261,CU007,C010,DAL_HOU,DAL,HOU,2026-06-11 05:00:00,2026-06-11 14:00:00,2026-06-11 14:00:00,2026-06-12 01:00:00,DRY_VAN_53,1321.26,949.91,371.35,DELIVERED,True,True
H00262,CU001,C001,CHI_MEM,CHI,MEM,2026-07-18 14:00:00,2026-07-18 17:00:00,2026-07-21 11:00:00,2026-07-22 04:00:00,DRY_VAN_53,2185.94,1578.41,607.53,DELIVERED,True,True
H00263,CU001,C004,LAX_PHX,LAX,PHX,2025-08-27 16:00:00,2025-08-28 01:00:00,2025-08-28 22:00:00,2025-08-29 09:00:00,DRY_VAN_53,1473.12,1117.1,356.02,DELIVERED,True,True
H00264,CU005,C006,CLT_ATL,CLT,ATL,2026-06-28 07:00:00,2026-06-28 10:00:00,2026-06-29 12:00:00,2026-06-29 23:00:00,DRY_VAN_53,1366.55,936.69,429.86,DELIVERED,True,True
H00265,CU006,C003,DAL_HOU,DAL,HOU,2025-12-06 05:00:00,2025-12-06 16:00:00,2025-12-06 16:00:00,2025-12-07 03:00:00,DRY_VAN_53,1304.52,753.58,550.95,DELIVERED,True,True
H00266,CU005,C004,LAX_PHX,LAX,PHX,2026-02-23 14:00:00,2026-02-24 01:00:00,2026-02-24 17:00:00,2026-02-25 08:00:00,DRY_VAN_53,2021.14,1238.83,782.31,DELIVERED,True,True
H00267,CU007,C003,DAL_ATL,DAL,ATL,2026-01-06 07:00:00,2026-01-06 08:00:00,2026-01-07 22:00:00,2026-01-08 17:00:00,DRY_VAN_53,2473.96,1883.06,590.9,DELIVERED,False,True
H00268,CU005,C006,CLT_NJ,CLT,NJ,2025-08-30 06:00:00,2025-08-30 13:00:00,2025-09-01 22:00:00,2025-09-02 20:00:00,DRY_VAN_53,2491.18,1786.51,704.67,DELIVERED,True,True
H00269,CU007,C003,DAL_ATL,DAL,ATL,2025-12-30 04:00:00,2025-12-30 10:00:00,2026-01-01 17:00:00,2026-01-02 14:00:00,DRY_VAN_53,2513.04,1981.27,531.77,DELIVERED,True,True
H00270,CU003,C006,CLT_NJ,CLT,NJ,2026-06-28 06:00:00,2026-06-28 07:00:00,2026-07-01 03:00:00,2026-07-01 22:00:00,DRY_VAN_53,2406.51,1701.65,704.86,DELIVERED,True,True
H00271,CU008,C005,IND_ATL,IND,ATL,2026-06-09 15:00:00,2026-06-09 18:00:00,2026-06-10 15:00:00,2026-06-11 08:00:00,DRY_VAN_53,2113.88,1570.49,543.39,DELIVERED,True,True
H00272,CU006,C004,LAX_DAL,LAX,DAL,2026-07-14 18:00:00,2026-07-15 04:00:00,2026-07-15 07:00:00,2026-07-16 17:00:00,DRY_VAN_53,3496.8,2896.05,600.75,DELIVERED,True,True
H00273,CU004,C005,IND_CLT,IND,CLT,2025-10-04 02:00:00,2025-10-04 06:00:00,2025-10-04 16:00:00,2025-10-05 09:00:00,DRY_VAN_53,2452.02,1801.39,650.63,DELIVERED,True,True
H00274,CU004,C010,DAL_ATL,DAL,ATL,2026-07-12 18:00:00,2026-07-13 02:00:00,2026-07-14 23:00:00,2026-07-15 22:00:00,DRY_VAN_53,2306.82,1858.29,448.53,DELIVERED,True,True
H00275,CU004,C010,DAL_PHX,DAL,PHX,2025-10-03 01:00:00,2025-10-03 11:00:00,2025-10-04 13:00:00,2025-10-05 16:00:00,DRY_VAN_53,2925.47,2304.23,621.24,DELIVERED,True,True
H00276,CU003,C002,CHI_ATL,CHI,ATL,2026-04-06 14:00:00,2026-04-06 17:00:00,2026-04-07 15:00:00,2026-04-08 12:00:00,DRY_VAN_53,2462.79,2012.86,449.93,DELIVERED,True,True
H00277,CU003,C005,IND_ATL,IND,ATL,2026-02-07 13:00:00,2026-02-07 19:00:00,2026-02-07 21:00:00,2026-02-08 10:00:00,DRY_VAN_53,2125.81,1611.01,514.8,DELIVERED,True,True
H00278,CU001,C002,CHI_ATL,CHI,ATL,2026-07-08 17:00:00,2026-07-09 01:00:00,2026-07-11 00:00:00,2026-07-12 00:00:00,DRY_VAN_53,2377.67,1828.16,549.51,DELIVERED,True,True
H00279,CU003,C004,LAX_PHX,LAX,PHX,2025-09-26 06:00:00,2025-09-26 16:00:00,2025-09-27 20:00:00,2025-09-28 10:00:00,DRY_VAN_53,1457.73,999.96,457.76,DELIVERED,True,True
H00280,CU006,C008,MEM_ATL,MEM,ATL,2025-11-12 05:00:00,2025-11-12 09:00:00,2025-11-14 04:00:00,2025-11-14 18:00:00,DRY_VAN_53,1872.18,1195.06,677.12,DELIVERED,True,True
H00281,CU004,C005,IND_CLT,IND,CLT,2025-11-02 18:00:00,2025-11-03 03:00:00,2025-11-04 02:00:00,2025-11-04 20:00:00,DRY_VAN_53,2106.46,1682.91,423.54,DELIVERED,True,True
H00282,CU006,C008,MEM_ATL,MEM,ATL,2026-05-28 23:00:00,2026-05-29 05:00:00,2026-05-30 12:00:00,2026-05-30 23:00:00,DRY_VAN_53,1906.49,1237.9,668.59,DELIVERED,True,True
H00283,CU008,C010,DAL_HOU,DAL,HOU,2026-01-16 21:00:00,2026-01-17 07:00:00,2026-01-19 16:00:00,2026-01-19 23:00:00,DRY_VAN_53,1414.2,996.08,418.12,DELIVERED,True,True
H00284,CU001,C004,LAX_PHX,LAX,PHX,2026-02-28 07:00:00,2026-02-28 10:00:00,2026-03-02 08:00:00,2026-03-02 22:00:00,DRY_VAN_53,1746.58,1191.07,555.51,DELIVERED,True,True
H00285,CU003,C005,IND_ATL,IND,ATL,2026-06-18 21:00:00,2026-06-19 04:00:00,2026-06-21 09:00:00,2026-06-21 23:00:00,DRY_VAN_53,2165.32,1502.67,662.65,DELIVERED,True,True
H00286,CU001,C004,LAX_PHX,LAX,PHX,2025-09-28 05:00:00,2025-09-28 08:00:00,2025-09-29 16:00:00,2025-09-30 02:00:00,DRY_VAN_53,1461.04,866.14,594.91,DELIVERED,True,True
H00287,CU002,C005,IND_ATL,IND,ATL,2025-10-31 01:00:00,2025-10-31 04:00:00,2025-11-01 21:00:00,2025-11-02 11:00:00,DRY_VAN_53,2218.74,1622.22,596.52,DELIVERED,True,True
H00288,CU002,C007,ATL_MEM,ATL,MEM,2026-02-15 14:00:00,2026-02-15 22:00:00,2026-02-17 01:00:00,2026-02-17 14:00:00,DRY_VAN_53,1710.38,1152.4,557.98,DELIVERED,True,True
H00289,CU007,C008,MEM_ATL,MEM,ATL,2025-11-23 03:00:00,2025-11-23 06:00:00,2025-11-23 14:00:00,2025-11-24 00:00:00,DRY_VAN_53,1570.12,1110.69,459.43,DELIVERED,True,False
H00290,CU004,C007,ATL_NJ,ATL,NJ,2026-05-23 00:00:00,2026-05-23 07:00:00,2026-05-23 21:00:00,2026-05-24 20:00:00,DRY_VAN_53,2739.39,2110.26,629.13,DELIVERED,True,True
H00291,CU003,C006,CLT_ATL,CLT,ATL,2026-08-05 07:00:00,2026-08-05 16:00:00,2026-08-07 14:00:00,2026-08-08 04:00:00,DRY_VAN_53,1446.15,909.79,536.35,DELIVERED,True,True
H00292,CU007,C007,ATL_MEM,ATL,MEM,2026-08-02 06:00:00,2026-08-02 16:00:00,2026-08-03 08:00:00,2026-08-03 20:00:00,DRY_VAN_53,1698.8,1098.56,600.23,DELIVERED,True,True
H00293,CU001,C001,CHI_ATL,CHI,ATL,2026-04-09 01:00:00,2026-04-09 05:00:00,2026-04-09 16:00:00,2026-04-10 10:00:00,DRY_VAN_53,2501.39,1847.91,653.49,DELIVERED,True,True
H00294,CU005,C007,ATL_NJ,ATL,NJ,2025-09-26 05:00:00,2025-09-26 12:00:00,2025-09-26 18:00:00,2025-09-27 15:00:00,DRY_VAN_53,2426.23,2144.83,281.4,DELIVERED,True,True
H00295,CU005,C006,CLT_NJ,CLT,NJ,2026-07-18 01:00:00,2026-07-18 12:00:00,2026-07-20 05:00:00,2026-07-21 02:00:00,DRY_VAN_53,2200.22,1687.24,512.98,DELIVERED,True,True
H00296,CU002,C005,IND_ATL,IND,ATL,2026-05-25 23:00:00,2026-05-26 02:00:00,2026-05-28 02:00:00,2026-05-28 16:00:00,DRY_VAN_53,2010.03,1429.73,580.3,DELIVERED,True,True
H00297,CU002,C009,CHI_NJ,CHI,NJ,2026-02-24 01:00:00,2026-02-24 10:00:00,2026-02-24 10:00:00,2026-02-25 08:00:00,DRY_VAN_53,2836.34,2171.64,664.7,DELIVERED,True,True
H00298,CU001,C010,DAL_PHX,DAL,PHX,2026-04-13 17:00:00,2026-04-13 19:00:00,2026-04-16 10:00:00,2026-04-17 17:00:00,DRY_VAN_53,2538.91,2059.7,479.21,DELIVERED,True,True
H00299,CU004,C009,CHI_NJ,CHI,NJ,2025-08-30 05:00:00,2025-08-30 16:00:00,2025-09-01 19:00:00,2025-09-02 17:00:00,DRY_VAN_53,2587.13,2137.4,449.73,DELIVERED,True,True
H00300,CU005,C008,MEM_CHI,MEM,CHI,2026-03-23 06:00:00,2026-03-23 16:00:00,2026-03-24 06:00:00,2026-03-24 23:00:00,DRY_VAN_53,2125.27,1431.69,693.58,DELIVERED,True,True
H00301,CU007,C007,ATL_NJ,ATL,NJ,2026-08-02 02:00:00,2026-08-02 07:00:00,2026-08-02 20:00:00,2026-08-03 21:00:00,DRY_VAN_53,2907.6,2241.89,665.72,DELIVERED,True,True
H00302,CU003,C007,ATL_NJ,ATL,NJ,2026-06-19 06:00:00,2026-06-19 07:00:00,2026-06-22 02:00:00,2026-06-23 04:00:00,DRY_VAN_53,2684.04,2146.67,537.37,DELIVERED,True,True
H00303,CU007,C003,DAL_ATL,DAL,ATL,2026-07-18 21:00:00,2026-07-18 23:00:00,2026-07-21 09:00:00,2026-07-22 10:00:00,DRY_VAN_53,2433.32,1927.68,505.64,DELIVERED,True,True
H00304,CU004,C003,DAL_PHX,DAL,PHX,2026-05-08 14:00:00,2026-05-08 22:00:00,2026-05-10 10:00:00,2026-05-11 18:00:00,DRY_VAN_53,2531.89,2080.54,451.35,DELIVERED,True,True
H00305,CU002,C008,MEM_ATL,MEM,ATL,2026-05-31 17:00:00,2026-06-01 02:00:00,2026-06-03 16:00:00,2026-06-04 06:00:00,DRY_VAN_53,1793.28,1050.84,742.44,DELIVERED,True,True
H00306,CU004,C006,CLT_NJ,CLT,NJ,2026-01-01 02:00:00,2026-01-01 04:00:00,2026-01-03 06:00:00,2026-01-04 00:00:00,DRY_VAN_53,2315.11,1776.2,538.92,DELIVERED,True,True
H00307,CU001,C005,IND_ATL,IND,ATL,2026-07-16 00:00:00,2026-07-16 07:00:00,2026-07-18 07:00:00,2026-07-18 22:00:00,DRY_VAN_53,2285.82,1531.02,754.79,DELIVERED,True,True
H00308,CU001,C008,MEM_CHI,MEM,CHI,2025-12-12 00:00:00,2025-12-12 06:00:00,2025-12-13 23:00:00,2025-12-14 13:00:00,DRY_VAN_53,1911.26,1418.5,492.76,DELIVERED,True,True
H00309,CU001,C010,DAL_ATL,DAL,ATL,2025-12-09 00:00:00,2025-12-09 06:00:00,2025-12-11 21:00:00,2025-12-12 18:00:00,DRY_VAN_53,2223.25,1680.61,542.63,DELIVERED,True,True
H00310,CU005,C002,CHI_MEM,CHI,MEM,2026-05-22 14:00:00,2026-05-22 21:00:00,2026-05-25 13:00:00,2026-05-26 03:00:00,DRY_VAN_53,2072.59,1488.17,584.43,DELIVERED,True,True
H00311,CU003,C003,DAL_HOU,DAL,HOU,2026-05-17 13:00:00,2026-05-17 22:00:00,2026-05-18 23:00:00,2026-05-19 12:00:00,DRY_VAN_53,1575.45,900.67,674.78,DELIVERED,True,True
H00312,CU004,C007,ATL_NJ,ATL,NJ,2026-01-20 21:00:00,2026-01-21 00:00:00,2026-01-23 12:00:00,2026-01-24 15:00:00,DRY_VAN_53,2815.47,2250.28,565.19,DELIVERED,True,True
H00313,CU003,C010,DAL_PHX,DAL,PHX,2025-10-22 13:00:00,2025-10-22 23:00:00,2025-10-23 12:00:00,2025-10-24 17:00:00,DRY_VAN_53,2646.15,2135.7,510.45,DELIVERED,True,False
H00314,CU003,C002,CHI_ATL,CHI,ATL,2025-10-05 20:00:00,2025-10-06 05:00:00,2025-10-06 04:00:00,2025-10-07 03:00:00,DRY_VAN_53,2336.57,1854.89,481.68,DELIVERED,True,True
H00315,CU008,C003,DAL_ATL,DAL,ATL,2026-04-23 00:00:00,2026-04-23 06:00:00,2026-04-25 00:00:00,2026-04-26 02:00:00,DRY_VAN_53,2253.4,1685.93,567.46,DELIVERED,True,True
H00316,CU006,C003,DAL_PHX,DAL,PHX,2025-09-13 14:00:00,2025-09-13 22:00:00,2025-09-15 15:00:00,2025-09-16 16:00:00,DRY_VAN_53,3031.67,2255.19,776.48,DELIVERED,True,True
H00317,CU005,C005,IND_CLT,IND,CLT,2025-09-27 19:00:00,2025-09-28 00:00:00,2025-09-30 05:00:00,2025-09-30 21:00:00,DRY_VAN_53,2295.29,1638.04,657.25,DELIVERED,True,True
H00318,CU003,C004,LAX_DAL,LAX,DAL,2025-10-31 20:00:00,2025-10-31 23:00:00,2025-11-01 08:00:00,2025-11-02 22:00:00,DRY_VAN_53,3894.33,3096.37,797.96,DELIVERED,True,True
H00319,CU002,C007,ATL_MEM,ATL,MEM,2026-02-21 01:00:00,2026-02-21 03:00:00,2026-02-22 06:00:00,2026-02-22 21:00:00,DRY_VAN_53,1817.78,1161.43,656.35,DELIVERED,True,True
H00320,CU002,C006,CLT_NJ,CLT,NJ,2026-08-25 04:00:00,2026-08-25 14:00:00,2026-08-27 02:00:00,2026-08-28 00:00:00,DRY_VAN_53,2115.66,1618.94,496.72,DELIVERED,True,True
H00321,CU008,C001,CHI_ATL,CHI,ATL,2026-01-25 14:00:00,2026-01-26 01:00:00,2026-01-27 18:00:00,2026-01-28 17:00:00,DRY_VAN_53,2327.93,1870.36,457.57,DELIVERED,True,False
H00322,CU005,C003,DAL_PHX,DAL,PHX,2026-06-29 00:00:00,2026-06-29 07:00:00,2026-06-30 01:00:00,2026-07-01 06:00:00,DRY_VAN_53,2806.74,2141.06,665.68,DELIVERED,True,True
H00323,CU003,C003,DAL_PHX,DAL,PHX,2025-12-04 18:00:00,2025-12-05 02:00:00,2025-12-07 03:00:00,2025-12-08 10:00:00,DRY_VAN_53,2611.91,2150.33,461.58,DELIVERED,True,True
H00324,CU007,C010,DAL_HOU,DAL,HOU,2026-07-13 15:00:00,2026-07-14 00:00:00,2026-07-15 14:00:00,2026-07-16 03:00:00,DRY_VAN_53,1420.91,874.16,546.76,DELIVERED,True,True
H00325,CU002,C007,ATL_MEM,ATL,MEM,2026-05-30 07:00:00,2026-05-30 15:00:00,2026-05-31 18:00:00,2026-06-01 06:00:00,DRY_VAN_53,1455.44,1044.25,411.2,DELIVERED,True,True
H00326,CU007,C005,IND_ATL,IND,ATL,2026-01-21 13:00:00,2026-01-21 16:00:00,2026-01-22 02:00:00,2026-01-22 20:00:00,DRY_VAN_53,2048.76,1550.56,498.2,DELIVERED,True,True
H00327,CU004,C007,ATL_MEM,ATL,MEM,2026-08-09 01:00:00,2026-08-09 10:00:00,2026-08-11 02:00:00,2026-08-11 16:00:00,DRY_VAN_53,1946.01,1230.15,715.86,DELIVERED,True,True
H00328,CU004,C010,DAL_HOU,DAL,HOU,2026-07-28 18:00:00,2026-07-29 05:00:00,2026-07-29 11:00:00,2026-07-30 00:00:00,DRY_VAN_53,1530.69,980.32,550.36,DELIVERED,True,True
H00329,CU008,C005,IND_ATL,IND,ATL,2026-04-30 07:00:00,2026-04-30 16:00:00,2026-05-02 11:00:00,2026-05-03 05:00:00,DRY_VAN_53,1988.4,1603.95,384.45,DELIVERED,True,True
H00330,CU006,C009,CHI_NJ,CHI,NJ,2026-05-23 20:00:00,2026-05-23 22:00:00,2026-05-26 04:00:00,2026-05-27 02:00:00,DRY_VAN_53,2587.02,2110.84,476.18,DELIVERED,True,True
H00331,CU005,C003,DAL_HOU,DAL,HOU,2026-01-17 03:00:00,2026-01-17 13:00:00,2026-01-19 12:00:00,2026-01-19 23:00:00,DRY_VAN_53,1374.63,886.1,488.53,DELIVERED,True,True
H00332,CU008,C007,ATL_NJ,ATL,NJ,2026-07-20 19:00:00,2026-07-21 05:00:00,2026-07-21 14:00:00,2026-07-22 15:00:00,DRY_VAN_53,2733.48,2184.12,549.37,DELIVERED,True,True
H00333,CU002,C005,IND_ATL,IND,ATL,2025-11-09 19:00:00,2025-11-10 02:00:00,2025-11-12 15:00:00,2025-11-13 05:00:00,DRY_VAN_53,2019.37,1623.32,396.05,DELIVERED,True,True
H00334,CU006,C004,LAX_DAL,LAX,DAL,2026-01-26 23:00:00,2026-01-27 05:00:00,2026-01-27 14:00:00,2026-01-29 03:00:00,DRY_VAN_53,3739.56,2958.52,781.03,DELIVERED,True,True
H00335,CU004,C010,DAL_ATL,DAL,ATL,2025-11-14 15:00:00,2025-11-15 00:00:00,2025-11-16 16:00:00,2025-11-17 14:00:00,DRY_VAN_53,2448.87,1944.28,504.59,DELIVERED,True,True
H00336,CU006,C001,CHI_MEM,CHI,MEM,2026-05-06 01:00:00,2026-05-06 02:00:00,2026-05-08 14:00:00,2026-05-09 05:00:00,DRY_VAN_53,2121.49,1526.94,594.55,DELIVERED,True,True
H00337,CU006,C003,DAL_HOU,DAL,HOU,2026-05-20 23:00:00,2026-05-21 09:00:00,2026-05-23 14:00:00,2026-05-23 21:00:00,DRY_VAN_53,1421.04,850.93,570.12,DELIVERED,True,True
H00338,CU007,C006,CLT_NJ,CLT,NJ,2026-06-19 17:00:00,2026-06-20 02:00:00,2026-06-20 16:00:00,2026-06-21 14:00:00,DRY_VAN_53,2012.01,1664.73,347.27,DELIVERED,True,True
H00339,CU006,C003,DAL_HOU,DAL,HOU,2026-05-31 20:00:00,2026-06-01 01:00:00,2026-06-03 11:00:00,2026-06-03 21:00:00,DRY_VAN_53,1509.97,858.31,651.66,DELIVERED,True,True
H00340,CU008,C004,LAX_PHX,LAX,PHX,2026-04-28 22:00:00,2026-04-29 09:00:00,2026-04-30 23:00:00,2026-05-01 16:00:00,DRY_VAN_53,1660.89,1046.88,614.02,DELIVERED,True,True
H00341,CU005,C003,DAL_HOU,DAL,HOU,2026-07-13 19:00:00,2026-07-13 22:00:00,2026-07-14 14:00:00,2026-07-14 22:00:00,DRY_VAN_53,1399.02,949.25,449.78,DELIVERED,True,True
H00342,CU001,C004,LAX_PHX,LAX,PHX,2026-07-25 15:00:00,2026-07-26 02:00:00,2026-07-28 10:00:00,2026-07-29 01:00:00,DRY_VAN_53,1613.19,1108.01,505.18,DELIVERED,True,True
H00343,CU006,C002,CHI_MEM,CHI,MEM,2026-03-02 19:00:00,2026-03-03 06:00:00,2026-03-03 13:00:00,2026-03-04 04:00:00,DRY_VAN_53,1989.43,1526.68,462.76,DELIVERED,True,True
H00344,CU003,C007,ATL_MEM,ATL,MEM,2025-09-25 21:00:00,2025-09-26 07:00:00,2025-09-27 17:00:00,2025-09-28 08:00:00,DRY_VAN_53,1947.64,1198.53,749.11,DELIVERED,True,True
H00345,CU003,C003,DAL_PHX,DAL,PHX,2025-12-09 18:00:00,2025-12-09 19:00:00,2025-12-10 17:00:00,2025-12-11 22:00:00,DRY_VAN_53,2825.32,2157.07,668.25,DELIVERED,True,True
H00346,CU005,C005,IND_ATL,IND,ATL,2025-09-09 06:00:00,2025-09-09 17:00:00,2025-09-11 14:00:00,2025-09-12 03:00:00,DRY_VAN_53,2125.93,1459.56,666.38,DELIVERED,True,True
H00347,CU005,C004,LAX_DAL,LAX,DAL,2026-03-20 23:00:00,2026-03-21 04:00:00,2026-03-22 05:00:00,2026-03-23 16:00:00,DRY_VAN_53,3407.47,2989.57,417.9,DELIVERED,True,True
H00348,CU004,C002,CHI_ATL,CHI,ATL,2026-04-04 13:00:00,2026-04-04 18:00:00,2026-04-06 21:00:00,2026-04-07 15:00:00,DRY_VAN_53,2601.62,1916.24,685.38,DELIVERED,True,True
H00349,CU005,C004,LAX_DAL,LAX,DAL,2025-09-06 22:00:00,2025-09-07 09:00:00,2025-09-08 14:00:00,2025-09-10 00:00:00,DRY_VAN_53,3458.51,2961.18,497.33,DELIVERED,True,True
H00350,CU005,C007,ATL_NJ,ATL,NJ,2026-07-07 16:00:00,2026-07-07 18:00:00,2026-07-09 17:00:00,2026-07-10 20:00:00,DRY_VAN_53,2982.63,2182.65,799.98,DELIVERED,True,True
H00351,CU004,C007,ATL_MEM,ATL,MEM,2026-05-09 15:00:00,2026-05-10 02:00:00,2026-05-11 07:00:00,2026-05-11 17:00:00,DRY_VAN_53,1563.82,1131.3,432.52,DELIVERED,True,True
H00352,CU004,C005,IND_ATL,IND,ATL,2026-08-25 03:00:00,2026-08-25 05:00:00,2026-08-27 11:00:00,2026-08-28 06:00:00,DRY_VAN_53,2199.78,1648.07,551.72,DELIVERED,True,True
H00353,CU002,C006,CLT_ATL,CLT,ATL,2025-10-02 17:00:00,2025-10-03 04:00:00,2025-10-03 05:00:00,2025-10-03 14:00:00,DRY_VAN_53,1417.95,846.57,571.38,DELIVERED,True,True
H00354,CU001,C007,ATL_MEM,ATL,MEM,2025-10-03 17:00:00,2025-10-03 20:00:00,2025-10-04 19:00:00,2025-10-05 12:00:00,DRY_VAN_53,1580.93,1136.82,444.11,DELIVERED,True,True
H00355,CU005,C008,MEM_ATL,MEM,ATL,2025-12-22 14:00:00,2025-12-22 16:00:00,2025-12-24 21:00:00,2025-12-25 08:00:00,DRY_VAN_53,1360.67,896.67,464.0,DELIVERED,True,True
H00356,CU008,C005,IND_CLT,IND,CLT,2026-04-11 00:00:00,2026-04-11 10:00:00,2026-04-13 06:00:00,2026-04-14 03:00:00,DRY_VAN_53,2229.18,1605.06,624.13,DELIVERED,True,True
H00357,CU005,C006,CLT_NJ,CLT,NJ,2026-05-26 05:00:00,2026-05-26 11:00:00,2026-05-27 13:00:00,2026-05-28 08:00:00,DRY_VAN_53,2270.79,1628.85,641.94,DELIVERED,True,True
H00358,CU001,C007,ATL_NJ,ATL,NJ,2026-03-08 17:00:00,2026-03-08 20:00:00,2026-03-10 02:00:00,2026-03-11 03:00:00,DRY_VAN_53,2796.0,2235.99,560.01,DELIVERED,False,True
H00359,CU001,C008,MEM_CHI,MEM,CHI,2026-05-19 07:00:00,2026-05-19 11:00:00,2026-05-19 15:00:00,2026-05-20 10:00:00,DRY_VAN_53,1872.59,1349.09,523.49,DELIVERED,False,True
H00360,CU001,C007,ATL_NJ,ATL,NJ,2026-05-25 01:00:00,2026-05-25 12:00:00,2026-05-28 00:00:00,2026-05-29 01:00:00,DRY_VAN_53,2699.23,2111.69,587.54,DELIVERED,True,True
H00361,CU001,C010,DAL_PHX,DAL,PHX,2025-09-03 14:00:00,2025-09-03 21:00:00,2025-09-05 00:00:00,2025-09-06 03:00:00,DRY_VAN_53,2707.45,2200.44,507.02,DELIVERED,True,True
H00362,CU003,C008,MEM_CHI,MEM,CHI,2026-07-31 13:00:00,2026-07-31 18:00:00,2026-08-02 06:00:00,2026-08-02 22:00:00,DRY_VAN_53,2050.85,1442.06,608.79,DELIVERED,True,True
H00363,CU008,C003,DAL_HOU,DAL,HOU,2026-04-12 02:00:00,2026-04-12 04:00:00,2026-04-13 13:00:00,2026-04-13 20:00:00,DRY_VAN_53,1204.09,831.48,372.61,DELIVERED,True,True
H00364,CU007,C004,LAX_PHX,LAX,PHX,2026-07-13 15:00:00,2026-07-14 01:00:00,2026-07-16 07:00:00,2026-07-16 22:00:00,DRY_VAN_53,1532.02,1075.86,456.16,DELIVERED,True,True
H00365,CU006,C003,DAL_HOU,DAL,HOU,2025-11-26 21:00:00,2025-11-27 08:00:00,2025-11-28 10:00:00,2025-11-28 22:00:00,DRY_VAN_53,1704.93,940.74,764.19,DELIVERED,True,True
H00366,CU008,C002,CHI_ATL,CHI,ATL,2026-07-17 19:00:00,2026-07-18 05:00:00,2026-07-19 08:00:00,2026-07-20 09:00:00,DRY_VAN_53,2347.62,1705.98,641.64,DELIVERED,True,True
H00367,CU007,C010,DAL_HOU,DAL,HOU,2026-05-31 16:00:00,2026-06-01 02:00:00,2026-06-02 01:00:00,2026-06-02 12:00:00,DRY_VAN_53,1421.91,916.26,505.65,DELIVERED,True,True
H00368,CU005,C004,LAX_DAL,LAX,DAL,2026-08-10 04:00:00,2026-08-10 06:00:00,2026-08-13 00:00:00,2026-08-14 15:00:00,DRY_VAN_53,3366.39,2986.15,380.24,DELIVERED,True,False
H00369,CU002,C006,CLT_ATL,CLT,ATL,2026-02-07 04:00:00,2026-02-07 15:00:00,2026-02-09 19:00:00,2026-02-10 03:00:00,DRY_VAN_53,1451.79,930.53,521.26,DELIVERED,True,True
H00370,CU004,C001,CHI_NJ,CHI,NJ,2026-04-01 04:00:00,2026-04-01 08:00:00,2026-04-02 00:00:00,2026-04-02 19:00:00,DRY_VAN_53,2473.46,1963.34,510.12,DELIVERED,True,True
H00371,CU004,C010,DAL_ATL,DAL,ATL,2025-10-31 04:00:00,2025-10-31 06:00:00,2025-11-01 04:00:00,2025-11-02 02:00:00,DRY_VAN_53,2425.4,1749.09,676.31,DELIVERED,True,True
H00372,CU005,C006,CLT_NJ,CLT,NJ,2026-04-25 20:00:00,2026-04-25 22:00:00,2026-04-27 22:00:00,2026-04-28 18:00:00,DRY_VAN_53,2050.47,1592.55,457.91,DELIVERED,True,True
H00373,CU001,C001,CHI_NJ,CHI,NJ,2026-03-04 18:00:00,2026-03-04 21:00:00,2026-03-07 08:00:00,2026-03-08 05:00:00,DRY_VAN_53,2679.48,1920.99,758.49,DELIVERED,True,True
H00374,CU003,C008,MEM_ATL,MEM,ATL,2026-01-03 16:00:00,2026-01-04 03:00:00,2026-01-04 20:00:00,2026-01-05 13:00:00,DRY_VAN_53,1637.52,1087.08,550.44,DELIVERED,True,True
H00375,CU006,C001,CHI_MEM,CHI,MEM,2025-12-18 14:00:00,2025-12-18 18:00:00,2025-12-21 03:00:00,2025-12-21 17:00:00,DRY_VAN_53,2103.18,1523.04,580.14,DELIVERED,True,True
H00376,CU002,C006,CLT_NJ,CLT,NJ,2025-11-28 23:00:00,2025-11-29 08:00:00,2025-11-29 08:00:00,2025-11-30 06:00:00,DRY_VAN_53,2141.19,1609.78,531.41,DELIVERED,True,False
H00377,CU007,C008,MEM_ATL,MEM,ATL,2025-11-20 17:00:00,2025-11-20 22:00:00,2025-11-22 22:00:00,2025-11-23 11:00:00,DRY_VAN_53,1642.84,1072.56,570.28,DELIVERED,True,True
H00378,CU005,C007,ATL_MEM,ATL,MEM,2026-06-11 20:00:00,2026-06-11 22:00:00,2026-06-12 04:00:00,2026-06-12 16:00:00,DRY_VAN_53,1506.75,1070.96,435.78,DELIVERED,True,True
H00379,CU008,C005,IND_ATL,IND,ATL,2026-04-16 19:00:00,2026-04-17 05:00:00,2026-04-18 23:00:00,2026-04-19 18:00:00,DRY_VAN_53,2142.61,1613.12,529.49,DELIVERED,True,True
H00380,CU004,C004,LAX_PHX,LAX,PHX,2025-08-28 13:00:00,2025-08-28 16:00:00,2025-08-30 13:00:00,2025-08-31 05:00:00,DRY_VAN_53,1717.78,1101.72,616.06,DELIVERED,True,True
H00381,CU003,C004,LAX_PHX,LAX,PHX,2026-05-16 13:00:00,2026-05-16 17:00:00,2026-05-18 21:00:00,2026-05-19 09:00:00,DRY_VAN_53,1622.21,1018.94,603.28,DELIVERED,True,True
H00382,CU005,C005,IND_ATL,IND,ATL,2026-01-15 14:00:00,2026-01-15 19:00:00,2026-01-18 13:00:00,2026-01-19 08:00:00,DRY_VAN_53,2077.37,1568.65,508.72,DELIVERED,True,True
H00383,CU001,C008,MEM_CHI,MEM,CHI,2025-10-28 14:00:00,2025-10-28 21:00:00,2025-10-29 00:00:00,2025-10-29 20:00:00,DRY_VAN_53,2162.79,1451.77,711.02,DELIVERED,True,True
H00384,CU006,C004,LAX_PHX,LAX,PHX,2025-11-15 07:00:00,2025-11-15 18:00:00,2025-11-17 02:00:00,2025-11-17 13:00:00,DRY_VAN_53,1898.38,1098.0,800.38,DELIVERED,True,True
H00385,CU004,C006,CLT_ATL,CLT,ATL,2025-11-27 01:00:00,2025-11-27 10:00:00,2025-11-28 05:00:00,2025-11-28 18:00:00,DRY_VAN_53,1291.06,874.19,416.87,DELIVERED,True,True
H00386,CU002,C005,IND_ATL,IND,ATL,2026-03-27 00:00:00,2026-03-27 01:00:00,2026-03-29 04:00:00,2026-03-29 19:00:00,DRY_VAN_53,2127.32,1615.21,512.11,DELIVERED,True,True
H00387,CU004,C007,ATL_NJ,ATL,NJ,2026-03-24 13:00:00,2026-03-24 17:00:00,2026-03-26 06:00:00,2026-03-27 08:00:00,DRY_VAN_53,3059.88,2306.47,753.41,DELIVERED,True,True
H00388,CU008,C001,CHI_NJ,CHI,NJ,2026-01-05 23:00:00,2026-01-06 02:00:00,2026-01-07 23:00:00,2026-01-08 18:00:00,DRY_VAN_53,2601.61,1990.72,610.89,DELIVERED,True,True
H00389,CU003,C008,MEM_ATL,MEM,ATL,2026-05-08 22:00:00,2026-05-09 02:00:00,2026-05-09 22:00:00,2026-05-10 11:00:00,DRY_VAN_53,1685.68,1037.14,648.54,DELIVERED,True,True
H00390,CU008,C009,CHI_NJ,CHI,NJ,2026-05-17 00:00:00,2026-05-17 05:00:00,2026-05-18 01:00:00,2026-05-19 02:00:00,DRY_VAN_53,2689.06,2124.22,564.84,DELIVERED,True,True
H00391,CU007,C008,MEM_ATL,MEM,ATL,2026-05-24 19:00:00,2026-05-25 04:00:00,2026-05-25 08:00:00,2026-05-26 00:00:00,DRY_VAN_53,1705.91,1161.77,544.14,DELIVERED,True,True
H00392,CU007,C006,CLT_ATL,CLT,ATL,2025-09-26 03:00:00,2025-09-26 08:00:00,2025-09-26 15:00:00,2025-09-26 22:00:00,DRY_VAN_53,1563.98,972.57,591.4,DELIVERED,True,True
H00393,CU007,C007,ATL_MEM,ATL,MEM,2025-11-27 01:00:00,2025-11-27 08:00:00,2025-11-29 17:00:00,2025-11-30 06:00:00,DRY_VAN_53,1498.8,1021.38,477.42,DELIVERED,True,True
H00394,CU008,C001,CHI_NJ,CHI,NJ,2025-10-11 01:00:00,2025-10-11 10:00:00,2025-10-12 00:00:00,2025-10-12 23:00:00,DRY_VAN_53,2475.46,1968.49,506.97,DELIVERED,True,True
H00395,CU003,C007,ATL_NJ,ATL,NJ,2025-12-03 22:00:00,2025-12-04 08:00:00,2025-12-06 01:00:00,2025-12-07 00:00:00,DRY_VAN_53,2978.34,2332.48,645.86,DELIVERED,True,False
H00396,CU007,C010,DAL_ATL,DAL,ATL,2025-12-05 22:00:00,2025-12-06 09:00:00,2025-12-07 13:00:00,2025-12-08 08:00:00,DRY_VAN_53,2321.44,1795.91,525.53,DELIVERED,True,True
H00397,CU006,C009,CHI_ATL,CHI,ATL,2025-10-17 20:00:00,2025-10-17 23:00:00,2025-10-19 12:00:00,2025-10-20 11:00:00,DRY_VAN_53,2601.24,1949.88,651.36,DELIVERED,True,True
H00398,CU002,C008,MEM_ATL,MEM,ATL,2026-02-03 05:00:00,2026-02-03 13:00:00,2026-02-03 13:00:00,2026-02-04 04:00:00,DRY_VAN_53,1762.53,1257.73,504.8,DELIVERED,True,True
H00399,CU008,C002,CHI_ATL,CHI,ATL,2026-07-06 01:00:00,2026-07-06 04:00:00,2026-07-07 18:00:00,2026-07-08 12:00:00,DRY_VAN_53,2725.87,2035.97,689.9,DELIVERED,True,True
H00400,CU005,C007,ATL_MEM,ATL,MEM,2026-07-17 23:00:00,2026-07-18 03:00:00,2026-07-20 16:00:00,2026-07-21 02:00:00,DRY_VAN_53,1968.64,1170.04,798.6,DELIVERED,True,True
H00401,CU006,C004,LAX_DAL,LAX,DAL,2025-10-21 20:00:00,2025-10-21 22:00:00,2025-10-23 16:00:00,2025-10-25 02:00:00,DRY_VAN_53,3407.49,2888.74,518.75,DELIVERED,True,True
H00402,CU007,C007,ATL_MEM,ATL,MEM,2026-05-30 18:00:00,2026-05-30 20:00:00,2026-06-02 04:00:00,2026-06-02 21:00:00,DRY_VAN_53,1861.24,1290.94,570.3,DELIVERED,True,True
H00403,CU008,C005,IND_ATL,IND,ATL,2026-01-02 02:00:00,2026-01-02 09:00:00,2026-01-02 22:00:00,2026-01-03 13:00:00,DRY_VAN_53,2117.88,1600.45,517.42,DELIVERED,True,True
H00404,CU002,C006,CLT_NJ,CLT,NJ,2026-05-13 21:00:00,2026-05-14 07:00:00,2026-05-15 19:00:00,2026-05-16 11:00:00,DRY_VAN_53,2237.09,1672.96,564.13,DELIVERED,True,True
H00405,CU002,C008,MEM_ATL,MEM,ATL,2025-10-15 16:00:00,2025-10-15 22:00:00,2025-10-17 12:00:00,2025-10-18 00:00:00,DRY_VAN_53,1693.54,1222.04,471.5,DELIVERED,True,True
H00406,CU003,C006,CLT_ATL,CLT,ATL,2025-09-17 23:00:00,2025-09-18 07:00:00,2025-09-18 08:00:00,2025-09-18 17:00:00,DRY_VAN_53,1167.03,836.06,330.97,DELIVERED,True,True
H00407,CU001,C007,ATL_MEM,ATL,MEM,2026-02-02 03:00:00,2026-02-02 12:00:00,2026-02-03 05:00:00,2026-02-03 22:00:00,DRY_VAN_53,1722.97,1115.07,607.91,DELIVERED,True,True
H00408,CU008,C008,MEM_ATL,MEM,ATL,2026-06-06 03:00:00,2026-06-06 10:00:00,2026-06-06 22:00:00,2026-06-07 15:00:00,DRY_VAN_53,1565.63,1193.88,371.75,DELIVERED,True,True
H00409,CU005,C007,ATL_MEM,ATL,MEM,2026-07-10 15:00:00,2026-07-10 23:00:00,2026-07-12 03:00:00,2026-07-12 15:00:00,DRY_VAN_53,1688.4,1167.61,520.79,DELIVERED,True,True
H00410,CU007,C006,CLT_ATL,CLT,ATL,2025-09-06 05:00:00,2025-09-06 07:00:00,2025-09-07 07:00:00,2025-09-07 17:00:00,DRY_VAN_53,1009.72,724.82,284.9,DELIVERED,True,True
H00411,CU001,C006,CLT_ATL,CLT,ATL,2026-07-22 04:00:00,2026-07-22 12:00:00,2026-07-23 07:00:00,2026-07-23 16:00:00,DRY_VAN_53,1547.14,908.17,638.97,DELIVERED,True,True
H00412,CU006,C004,LAX_PHX,LAX,PHX,2025-09-18 19:00:00,2025-09-18 20:00:00,2025-09-21 14:00:00,2025-09-22 04:00:00,DRY_VAN_53,1622.21,1130.55,491.66,DELIVERED,True,True
H00413,CU004,C005,IND_CLT,IND,CLT,2026-01-10 22:00:00,2026-01-11 07:00:00,2026-01-11 10:00:00,2026-01-12 04:00:00,DRY_VAN_53,2152.03,1727.24,424.79,DELIVERED,True,True
H00414,CU001,C004,LAX_PHX,LAX,PHX,2025-10-16 20:00:00,2025-10-17 02:00:00,2025-10-17 14:00:00,2025-10-18 01:00:00,DRY_VAN_53,1555.73,1034.82,520.92,DELIVERED,True,True
H00415,CU001,C009,CHI_NJ,CHI,NJ,2026-04-01 01:00:00,2026-04-01 11:00:00,2026-04-03 04:00:00,2026-04-03 23:00:00,DRY_VAN_53,2635.15,1972.31,662.85,DELIVERED,True,True
H00416,CU006,C005,IND_CLT,IND,CLT,2026-06-12 22:00:00,2026-06-13 09:00:00,2026-06-13 09:00:00,2026-06-14 06:00:00,DRY_VAN_53,2246.33,1747.12,499.2,DELIVERED,True,True
H00417,CU008,C007,ATL_NJ,ATL,NJ,2026-05-20 14:00:00,2026-05-20 23:00:00,2026-05-22 01:00:00,2026-05-22 23:00:00,DRY_VAN_53,2605.71,2128.25,477.46,DELIVERED,True,True
H00418,CU001,C007,ATL_MEM,ATL,MEM,2025-11-01 07:00:00,2025-11-01 16:00:00,2025-11-02 17:00:00,2025-11-03 07:00:00,DRY_VAN_53,1728.19,1137.67,590.52,DELIVERED,True,True
H00419,CU003,C002,CHI_MEM,CHI,MEM,2026-06-25 19:00:00,2026-06-26 00:00:00,2026-06-28 02:00:00,2026-06-28 21:00:00,DRY_VAN_53,2233.45,1546.22,687.23,DELIVERED,True,True
H00420,CU007,C001,CHI_NJ,CHI,NJ,2025-09-04 00:00:00,2025-09-04 05:00:00,2025-09-06 13:00:00,2025-09-07 09:00:00,DRY_VAN_53,2650.67,2083.59,567.08,DELIVERED,True,True
H00421,CU006,C003,DAL_PHX,DAL,PHX,2025-12-23 20:00:00,2025-12-24 07:00:00,2025-12-25 01:00:00,2025-12-26 09:00:00,DRY_VAN_53,2497.96,2073.86,424.1,DELIVERED,True,True
H00422,CU004,C005,IND_ATL,IND,ATL,2026-03-17 20:00:00,2026-03-18 02:00:00,2026-03-20 17:00:00,2026-03-21 12:00:00,DRY_VAN_53,2235.23,1622.79,612.45,DELIVERED,True,True
H00423,CU007,C006,CLT_NJ,CLT,NJ,2025-09-28 21:00:00,2025-09-29 01:00:00,2025-09-30 07:00:00,2025-10-01 02:00:00,DRY_VAN_53,2202.26,1577.1,625.16,DELIVERED,True,True
H00424,CU008,C005,IND_ATL,IND,ATL,2026-01-10 02:00:00,2026-01-10 03:00:00,2026-01-10 14:00:00,2026-01-11 10:00:00,DRY_VAN_53,2089.25,1610.53,478.72,DELIVERED,True,True
H00425,CU006,C007,ATL_MEM,ATL,MEM,2025-11-23 01:00:00,2025-11-23 07:00:00,2025-11-25 03:00:00,2025-11-25 18:00:00,DRY_VAN_53,1756.88,1205.85,551.02,DELIVERED,True,True
H00426,CU002,C003,DAL_ATL,DAL,ATL,2025-10-11 04:00:00,2025-10-11 13:00:00,2025-10-12 18:00:00,2025-10-13 14:00:00,DRY_VAN_53,2486.23,1922.02,564.21,DELIVERED,True,True
H00427,CU001,C010,DAL_HOU,DAL,HOU,2026-07-16 23:00:00,2026-07-17 08:00:00,2026-07-19 10:00:00,2026-07-19 21:00:00,DRY_VAN_53,1726.64,998.68,727.96,DELIVERED,True,True
H00428,CU004,C006,CLT_NJ,CLT,NJ,2025-12-16 06:00:00,2025-12-16 15:00:00,2025-12-16 16:00:00,2025-12-17 13:00:00,DRY_VAN_53,2289.34,1649.68,639.66,DELIVERED,True,True
H00429,CU007,C001,CHI_ATL,CHI,ATL,2025-10-01 23:00:00,2025-10-02 07:00:00,2025-10-04 04:00:00,2025-10-04 23:00:00,DRY_VAN_53,2576.26,1962.73,613.53,DELIVERED,True,True
H00430,CU007,C009,CHI_NJ,CHI,NJ,2026-04-21 19:00:00,2026-04-22 04:00:00,2026-04-22 08:00:00,2026-04-23 06:00:00,DRY_VAN_53,2577.68,2094.15,483.53,DELIVERED,True,True
H00431,CU004,C008,MEM_CHI,MEM,CHI,2025-12-18 04:00:00,2025-12-18 05:00:00,2025-12-18 18:00:00,2025-12-19 09:00:00,DRY_VAN_53,1789.63,1380.27,409.36,DELIVERED,True,True
H00432,CU004,C005,IND_ATL,IND,ATL,2026-01-11 22:00:00,2026-01-11 23:00:00,2026-01-12 20:00:00,2026-01-13 11:00:00,DRY_VAN_53,1863.75,1353.32,510.44,DELIVERED,True,True
H00433,CU005,C004,LAX_PHX,LAX,PHX,2026-07-16 01:00:00,2026-07-16 02:00:00,2026-07-18 17:00:00,2026-07-19 03:00:00,DRY_VAN_53,1544.5,1238.69,305.81,DELIVERED,True,True
H00434,CU004,C008,MEM_ATL,MEM,ATL,2026-05-07 06:00:00,2026-05-07 07:00:00,2026-05-08 21:00:00,2026-05-09 13:00:00,DRY_VAN_53,1636.56,1103.74,532.82,DELIVERED,True,True
H00435,CU001,C005,IND_ATL,IND,ATL,2026-06-04 03:00:00,2026-06-04 11:00:00,2026-06-06 14:00:00,2026-06-07 09:00:00,DRY_VAN_53,2276.61,1550.94,725.68,DELIVERED,True,True
H00436,CU004,C008,MEM_CHI,MEM,CHI,2026-02-12 22:00:00,2026-02-13 01:00:00,2026-02-14 23:00:00,2026-02-15 17:00:00,DRY_VAN_53,2127.3,1460.87,666.43,DELIVERED,True,True
H00437,CU007,C004,LAX_DAL,LAX,DAL,2026-01-08 03:00:00,2026-01-08 13:00:00,2026-01-10 17:00:00,2026-01-12 06:00:00,DRY_VAN_53,3444.07,2799.83,644.24,DELIVERED,True,True
H00438,CU008,C003,DAL_ATL,DAL,ATL,2026-06-12 16:00:00,2026-06-12 19:00:00,2026-06-14 18:00:00,2026-06-15 19:00:00,DRY_VAN_53,2557.97,1937.56,620.41,DELIVERED,True,True
H00439,CU003,C001,CHI_NJ,CHI,NJ,2026-05-13 21:00:00,2026-05-14 06:00:00,2026-05-15 14:00:00,2026-05-16 16:00:00,DRY_VAN_53,2508.22,1994.14,514.08,DELIVERED,True,True
H00440,CU006,C004,LAX_PHX,LAX,PHX,2025-10-29 06:00:00,2025-10-29 12:00:00,2025-10-30 12:00:00,2025-10-31 04:00:00,DRY_VAN_53,1765.5,1175.18,590.31,DELIVERED,True,True
H00441,CU008,C001,CHI_MEM,CHI,MEM,2026-08-03 04:00:00,2026-08-03 14:00:00,2026-08-03 18:00:00,2026-08-04 10:00:00,DRY_VAN_53,2356.24,1599.51,756.73,DELIVERED,True,True
H00442,CU004,C008,MEM_CHI,MEM,CHI,2026-02-04 20:00:00,2026-02-05 04:00:00,2026-02-06 11:00:00,2026-02-07 04:00:00,DRY_VAN_53,2017.43,1518.04,499.39,DELIVERED,True,True
H00443,CU008,C007,ATL_NJ,ATL,NJ,2026-06-23 13:00:00,2026-06-23 23:00:00,2026-06-26 09:00:00,2026-06-27 13:00:00,DRY_VAN_53,2635.04,2057.44,577.59,DELIVERED,True,True
H00444,CU006,C001,CHI_MEM,CHI,MEM,2025-09-02 07:00:00,2025-09-02 18:00:00,2025-09-02 23:00:00,2025-09-03 12:00:00,DRY_VAN_53,2203.87,1583.89,619.98,DELIVERED,True,True
H00445,CU005,C002,CHI_ATL,CHI,ATL,2025-09-27 22:00:00,2025-09-28 07:00:00,2025-09-30 08:00:00,2025-10-01 02:00:00,DRY_VAN_53,2465.01,1924.23,540.78,DELIVERED,True,True
H00446,CU005,C002,CHI_MEM,CHI,MEM,2026-07-09 03:00:00,2026-07-09 06:00:00,2026-07-10 05:00:00,2026-07-11 01:00:00,DRY_VAN_53,2100.52,1525.97,574.56,DELIVERED,True,True
H00447,CU008,C006,CLT_ATL,CLT,ATL,2026-07-26 22:00:00,2026-07-27 07:00:00,2026-07-29 01:00:00,2026-07-29 13:00:00,DRY_VAN_53,1350.42,701.36,649.06,DELIVERED,True,True
H00448,CU008,C008,MEM_CHI,MEM,CHI,2025-09-21 17:00:00,2025-09-22 03:00:00,2025-09-23 15:00:00,2025-09-24 08:00:00,DRY_VAN_53,2032.97,1477.94,555.03,DELIVERED,True,True
H00449,CU008,C010,DAL_PHX,DAL,PHX,2026-03-06 07:00:00,2026-03-06 13:00:00,2026-03-06 15:00:00,2026-03-07 17:00:00,DRY_VAN_53,2742.84,2177.12,565.72,DELIVERED,True,True
H00450,CU008,C008,MEM_ATL,MEM,ATL,2026-06-19 05:00:00,2026-06-19 14:00:00,2026-06-22 04:00:00,2026-06-22 14:00:00,DRY_VAN_53,1603.94,1135.12,468.81,DELIVERED,True,True
H00451,CU007,C008,MEM_ATL,MEM,ATL,2025-11-05 13:00:00,2025-11-06 00:00:00,2025-11-06 13:00:00,2025-11-07 04:00:00,DRY_VAN_53,1821.11,1194.57,626.54,DELIVERED,True,False
H00452,CU006,C004,LAX_DAL,LAX,DAL,2026-02-08 13:00:00,2026-02-08 15:00:00,2026-02-09 17:00:00,2026-02-11 03:00:00,DRY_VAN_53,3676.6,2893.47,783.12,DELIVERED,True,True
H00453,CU002,C003,DAL_ATL,DAL,ATL,2026-01-31 01:00:00,2026-01-31 10:00:00,2026-02-01 13:00:00,2026-02-02 11:00:00,DRY_VAN_53,2567.75,2066.47,501.29,DELIVERED,True,True
H00454,CU007,C005,IND_ATL,IND,ATL,2026-08-01 14:00:00,2026-08-01 16:00:00,2026-08-03 12:00:00,2026-08-04 07:00:00,DRY_VAN_53,2101.6,1537.46,564.14,DELIVERED,True,True
H00455,CU007,C006,CLT_ATL,CLT,ATL,2025-10-12 19:00:00,2025-10-13 02:00:00,2025-10-15 17:00:00,2025-10-16 04:00:00,DRY_VAN_53,1591.16,880.28,710.88,DELIVERED,True,True
H00456,CU001,C007,ATL_NJ,ATL,NJ,2025-10-12 21:00:00,2025-10-13 07:00:00,2025-10-14 20:00:00,2025-10-15 22:00:00,DRY_VAN_53,2772.68,2239.84,532.84,DELIVERED,True,True
H00457,CU003,C010,DAL_PHX,DAL,PHX,2025-12-10 04:00:00,2025-12-10 11:00:00,2025-12-11 13:00:00,2025-12-12 15:00:00,DRY_VAN_53,2703.68,2172.83,530.85,DELIVERED,True,True
H00458,CU007,C006,CLT_NJ,CLT,NJ,2025-08-28 03:00:00,2025-08-28 10:00:00,2025-08-29 19:00:00,2025-08-30 13:00:00,DRY_VAN_53,2406.61,1741.29,665.32,DELIVERED,True,True
H00459,CU002,C005,IND_CLT,IND,CLT,2026-03-06 17:00:00,2026-03-06 19:00:00,2026-03-07 13:00:00,2026-03-08 06:00:00,DRY_VAN_53,2143.99,1604.51,539.47,DELIVERED,True,True
H00460,CU006,C004,LAX_DAL,LAX,DAL,2025-08-27 19:00:00,2025-08-28 05:00:00,2025-08-29 12:00:00,2025-08-31 02:00:00,DRY_VAN_53,3515.25,2829.76,685.49,DELIVERED,True,True
H00461,CU008,C005,IND_ATL,IND,ATL,2026-04-22 16:00:00,2026-04-22 22:00:00,2026-04-25 07:00:00,2026-04-25 20:00:00,DRY_VAN_53,2345.84,1589.57,756.27,DELIVERED,True,True
H00462,CU006,C002,CHI_ATL,CHI,ATL,2026-04-26 06:00:00,2026-04-26 08:00:00,2026-04-28 12:00:00,2026-04-29 11:00:00,DRY_VAN_53,2443.65,1838.0,605.65,DELIVERED,True,True
H00463,CU007,C009,CHI_NJ,CHI,NJ,2025-11-11 13:00:00,2025-11-11 20:00:00,2025-11-13 08:00:00,2025-11-14 04:00:00,DRY_VAN_53,2692.99,2216.88,476.11,DELIVERED,True,True
H00464,CU008,C007,ATL_NJ,ATL,NJ,2026-01-27 06:00:00,2026-01-27 09:00:00,2026-01-29 12:00:00,2026-01-30 13:00:00,DRY_VAN_53,2650.68,2205.77,444.9,DELIVERED,True,True
H00465,CU004,C002,CHI_MEM,CHI,MEM,2025-11-04 18:00:00,2025-11-04 21:00:00,2025-11-05 22:00:00,2025-11-06 11:00:00,DRY_VAN_53,2314.89,1651.64,663.25,DELIVERED,True,True
H00466,CU001,C005,IND_CLT,IND,CLT,2026-02-21 13:00:00,2026-02-21 19:00:00,2026-02-22 00:00:00,2026-02-22 21:00:00,DRY_VAN_53,2366.7,1716.19,650.51,DELIVERED,True,True
H00467,CU006,C004,LAX_PHX,LAX,PHX,2026-01-01 02:00:00,2026-01-01 07:00:00,2026-01-02 01:00:00,2026-01-02 18:00:00,DRY_VAN_53,1649.39,938.77,710.62,DELIVERED,True,False
H00468,CU002,C007,ATL_MEM,ATL,MEM,2025-08-31 16:00:00,2025-08-31 21:00:00,2025-09-01 01:00:00,2025-09-01 15:00:00,DRY_VAN_53,1892.69,1263.01,629.68,DELIVERED,True,True
H00469,CU008,C004,LAX_DAL,LAX,DAL,2026-05-30 20:00:00,2026-05-31 07:00:00,2026-06-01 19:00:00,2026-06-03 11:00:00,DRY_VAN_53,3461.39,2948.66,512.73,DELIVERED,True,True
H00470,CU004,C010,DAL_ATL,DAL,ATL,2026-08-14 02:00:00,2026-08-14 03:00:00,2026-08-16 11:00:00,2026-08-17 08:00:00,DRY_VAN_53,2492.3,1953.63,538.67,DELIVERED,True,True
H00471,CU008,C010,DAL_HOU,DAL,HOU,2025-12-24 23:00:00,2025-12-25 09:00:00,2025-12-26 12:00:00,2025-12-26 23:00:00,DRY_VAN_53,1361.21,880.65,480.55,DELIVERED,True,True
H00472,CU001,C008,MEM_ATL,MEM,ATL,2026-03-07 20:00:00,2026-03-08 01:00:00,2026-03-09 11:00:00,2026-03-10 04:00:00,DRY_VAN_53,2120.06,1274.43,845.63,DELIVERED,True,True
H00473,CU002,C001,CHI_MEM,CHI,MEM,2026-03-18 00:00:00,2026-03-18 05:00:00,2026-03-19 20:00:00,2026-03-20 16:00:00,DRY_VAN_53,1947.81,1532.99,414.82,DELIVERED,True,True
H00474,CU004,C009,CHI_NJ,CHI,NJ,2026-08-24 04:00:00,2026-08-24 09:00:00,2026-08-26 12:00:00,2026-08-27 12:00:00,DRY_VAN_53,2724.07,2192.74,531.34,DELIVERED,True,True
H00475,CU006,C007,ATL_NJ,ATL,NJ,2026-06-05 23:00:00,2026-06-06 05:00:00,2026-06-08 16:00:00,2026-06-09 14:00:00,DRY_VAN_53,2493.18,2027.32,465.85,DELIVERED,True,True
H00476,CU007,C005,IND_CLT,IND,CLT,2026-08-09 07:00:00,2026-08-09 18:00:00,2026-08-09 20:00:00,2026-08-10 13:00:00,DRY_VAN_53,2189.42,1663.0,526.41,DELIVERED,True,True
H00477,CU001,C004,LAX_PHX,LAX,PHX,2026-01-16 05:00:00,2026-01-16 16:00:00,2026-01-18 08:00:00,2026-01-18 21:00:00,DRY_VAN_53,1473.38,1017.7,455.67,DELIVERED,True,True
H00478,CU003,C008,MEM_CHI,MEM,CHI,2026-07-15 14:00:00,2026-07-15 19:00:00,2026-07-18 05:00:00,2026-07-18 21:00:00,DRY_VAN_53,2060.7,1493.57,567.13,DELIVERED,True,True
H00479,CU007,C009,CHI_ATL,CHI,ATL,2026-02-22 19:00:00,2026-02-23 00:00:00,2026-02-25 14:00:00,2026-02-26 08:00:00,DRY_VAN_53,2364.88,1825.69,539.19,DELIVERED,True,True
H00480,CU008,C004,LAX_DAL,LAX,DAL,2025-10-08 15:00:00,2025-10-08 20:00:00,2025-10-09 18:00:00,2025-10-11 03:00:00,DRY_VAN_53,3584.4,2948.31,636.09,DELIVERED,True,True
H00481,CU001,C007,ATL_NJ,ATL,NJ,2025-09-19 16:00:00,2025-09-19 21:00:00,2025-09-20 15:00:00,2025-09-21 15:00:00,DRY_VAN_53,2915.75,2130.97,784.78,DELIVERED,True,True
H00482,CU001,C007,ATL_MEM,ATL,MEM,2026-07-12 05:00:00,2026-07-12 16:00:00,2026-07-15 04:00:00,2026-07-15 16:00:00,DRY_VAN_53,1741.05,1053.42,687.63,DELIVERED,True,True
H00483,CU008,C006,CLT_NJ,CLT,NJ,2026-01-17 19:00:00,2026-01-18 00:00:00,2026-01-20 08:00:00,2026-01-20 23:00:00,DRY_VAN_53,2252.12,1697.39,554.73,DELIVERED,True,True
H00484,CU002,C005,IND_ATL,IND,ATL,2026-07-11 14:00:00,2026-07-11 18:00:00,2026-07-12 08:00:00,2026-07-12 23:00:00,DRY_VAN_53,2036.21,1484.88,551.33,DELIVERED,True,True
H00485,CU001,C005,IND_ATL,IND,ATL,2026-01-08 14:00:00,2026-01-08 17:00:00,2026-01-10 15:00:00,2026-01-11 11:00:00,DRY_VAN_53,2041.38,1511.66,529.73,DELIVERED,True,True
H00486,CU007,C003,DAL_ATL,DAL,ATL,2025-09-10 18:00:00,2025-09-11 02:00:00,2025-09-12 23:00:00,2025-09-14 01:00:00,DRY_VAN_53,2381.39,1812.89,568.49,DELIVERED,True,True
H00487,CU002,C006,CLT_NJ,CLT,NJ,2025-09-20 07:00:00,2025-09-20 15:00:00,2025-09-20 20:00:00,2025-09-21 17:00:00,DRY_VAN_53,2216.91,1601.09,615.82,DELIVERED,True,True
H00488,CU001,C006,CLT_ATL,CLT,ATL,2026-01-08 05:00:00,2026-01-08 14:00:00,2026-01-10 06:00:00,2026-01-10 16:00:00,DRY_VAN_53,1257.14,800.78,456.36,DELIVERED,True,True
H00489,CU004,C001,CHI_ATL,CHI,ATL,2026-07-27 02:00:00,2026-07-27 05:00:00,2026-07-28 22:00:00,2026-07-29 17:00:00,DRY_VAN_53,2512.13,1878.92,633.21,DELIVERED,True,True
H00490,CU001,C004,LAX_PHX,LAX,PHX,2026-06-30 07:00:00,2026-06-30 15:00:00,2026-07-01 19:00:00,2026-07-02 08:00:00,DRY_VAN_53,1649.54,1186.92,462.61,DELIVERED,True,True
H00491,CU004,C010,DAL_ATL,DAL,ATL,2026-04-23 14:00:00,2026-04-23 15:00:00,2026-04-24 17:00:00,2026-04-25 18:00:00,DRY_VAN_53,2339.76,1723.04,616.72,DELIVERED,True,True
H00492,CU004,C006,CLT_ATL,CLT,ATL,2026-04-04 22:00:00,2026-04-05 08:00:00,2026-04-06 03:00:00,2026-04-06 14:00:00,DRY_VAN_53,1661.83,926.82,735.02,DELIVERED,True,True
H00493,CU002,C001,CHI_NJ,CHI,NJ,2026-06-08 03:00:00,2026-06-08 05:00:00,2026-06-09 04:00:00,2026-06-09 23:00:00,DRY_VAN_53,2565.85,1879.55,686.29,DELIVERED,True,True
H00494,CU008,C002,CHI_ATL,CHI,ATL,2025-09-15 20:00:00,2025-09-16 07:00:00,2025-09-16 10:00:00,2025-09-17 07:00:00,DRY_VAN_53,2776.3,1812.33,963.97,DELIVERED,True,True
H00495,CU003,C007,ATL_NJ,ATL,NJ,2025-08-27 16:00:00,2025-08-27 19:00:00,2025-08-28 06:00:00,2025-08-29 04:00:00,DRY_VAN_53,2819.18,2114.98,704.2,DELIVERED,True,True
H00496,CU002,C008,MEM_ATL,MEM,ATL,2026-07-07 20:00:00,2026-07-08 01:00:00,2026-07-10 19:00:00,2026-07-11 10:00:00,DRY_VAN_53,2076.08,1261.55,814.53,DELIVERED,True,True
H00497,CU001,C010,DAL_HOU,DAL,HOU,2025-12-01 20:00:00,2025-12-02 06:00:00,2025-12-04 11:00:00,2025-12-04 20:00:00,DRY_VAN_53,1388.1,919.68,468.42,DELIVERED,True,True
H00498,CU002,C004,LAX_DAL,LAX,DAL,2026-01-11 21:00:00,2026-01-12 03:00:00,2026-01-13 01:00:00,2026-01-14 11:00:00,DRY_VAN_53,3523.73,2959.62,564.12,DELIVERED,True,True
H00499,CU001,C008,MEM_CHI,MEM,CHI,2025-10-03 13:00:00,2025-10-03 22:00:00,2025-10-04 16:00:00,2025-10-05 07:00:00,DRY_VAN_53,2052.46,1540.0,512.46,DELIVERED,True,True
H00500,CU003,C006,CLT_NJ,CLT,NJ,2026-06-05 15:00:00,2026-06-05 21:00:00,2026-06-07 14:00:00,2026-06-08 12:00:00,DRY_VAN_53,2527.66,1575.24,952.42,DELIVERED,True,True
H00501,CU003,C003,DAL_ATL,DAL,ATL,2025-10-24 22:00:00,2025-10-25 06:00:00,2025-10-25 16:00:00,2025-10-26 11:00:00,DRY_VAN_53,2567.86,1941.95,625.91,DELIVERED,True,True
H00502,CU008,C007,ATL_NJ,ATL,NJ,2025-09-02 00:00:00,2025-09-02 07:00:00,2025-09-03 17:00:00,2025-09-04 17:00:00,DRY_VAN_53,2717.1,2151.03,566.08,DELIVERED,True,True
H00503,CU006,C008,MEM_ATL,MEM,ATL,2026-02-22 05:00:00,2026-02-22 11:00:00,2026-02-24 06:00:00,2026-02-24 22:00:00,DRY_VAN_53,1680.9,1074.94,605.97,DELIVERED,True,True
H00504,CU007,C005,IND_CLT,IND,CLT,2026-07-16 15:00:00,2026-07-16 20:00:00,2026-07-18 22:00:00,2026-07-19 15:00:00,DRY_VAN_53,2295.72,1635.7,660.02,DELIVERED,True,True
H00505,CU004,C003,DAL_PHX,DAL,PHX,2026-01-10 23:00:00,2026-01-11 09:00:00,2026-01-11 12:00:00,2026-01-12 15:00:00,DRY_VAN_53,2525.68,2206.01,319.67,DELIVERED,True,True
H00506,CU004,C008,MEM_CHI,MEM,CHI,2025-09-21 18:00:00,2025-09-22 02:00:00,2025-09-22 09:00:00,2025-09-22 23:00:00,DRY_VAN_53,1845.27,1358.23,487.04,DELIVERED,True,True
H00507,CU003,C006,CLT_ATL,CLT,ATL,2025-12-31 02:00:00,2025-12-31 10:00:00,2026-01-02 22:00:00,2026-01-03 12:00:00,DRY_VAN_53,1278.92,733.25,545.67,DELIVERED,True,True
H00508,CU002,C005,IND_CLT,IND,CLT,2026-01-03 13:00:00,2026-01-03 16:00:00,2026-01-04 12:00:00,2026-01-05 05:00:00,DRY_VAN_53,2187.6,1563.38,624.21,DELIVERED,True,True
H00509,CU007,C008,MEM_CHI,MEM,CHI,2025-11-19 06:00:00,2025-11-19 10:00:00,2025-11-20 23:00:00,2025-11-21 18:00:00,DRY_VAN_53,1975.34,1478.45,496.89,DELIVERED,True,True
H00510,CU008,C007,ATL_MEM,ATL,MEM,2025-11-30 16:00:00,2025-11-30 18:00:00,2025-12-01 08:00:00,2025-12-01 22:00:00,DRY_VAN_53,1577.73,1141.15,436.58,DELIVERED,True,True
H00511,CU003,C006,CLT_NJ,CLT,NJ,2026-06-15 15:00:00,2026-06-15 22:00:00,2026-06-18 00:00:00,2026-06-18 22:00:00,DRY_VAN_53,2140.38,1773.61,366.77,DELIVERED,True,True
H00512,CU005,C008,MEM_CHI,MEM,CHI,2026-05-22 23:00:00,2026-05-23 05:00:00,2026-05-23 14:00:00,2026-05-24 10:00:00,DRY_VAN_53,1740.53,1467.57,272.96,DELIVERED,True,True
H00513,CU006,C008,MEM_CHI,MEM,CHI,2026-03-06 13:00:00,2026-03-06 14:00:00,2026-03-08 13:00:00,2026-03-09 08:00:00,DRY_VAN_53,2111.84,1495.62,616.21,DELIVERED,True,True
H00514,CU005,C006,CLT_ATL,CLT,ATL,2025-09-30 01:00:00,2025-09-30 06:00:00,2025-09-30 12:00:00,2025-10-01 00:00:00,DRY_VAN_53,1348.37,842.86,505.51,DELIVERED,True,True
H00515,CU001,C005,IND_ATL,IND,ATL,2025-09-27 04:00:00,2025-09-27 07:00:00,2025-09-27 18:00:00,2025-09-28 07:00:00,DRY_VAN_53,2197.98,1563.37,634.61,DELIVERED,True,True
H00516,CU007,C005,IND_CLT,IND,CLT,2025-09-01 04:00:00,2025-09-01 09:00:00,2025-09-02 22:00:00,2025-09-03 20:00:00,DRY_VAN_53,2319.27,1600.49,718.77,DELIVERED,True,True
H00517,CU006,C008,MEM_CHI,MEM,CHI,2026-01-01 15:00:00,2026-01-01 19:00:00,2026-01-03 17:00:00,2026-01-04 07:00:00,DRY_VAN_53,1805.52,1379.24,426.27,DELIVERED,True,True
H00518,CU003,C008,MEM_CHI,MEM,CHI,2026-06-22 13:00:00,2026-06-22 18:00:00,2026-06-24 21:00:00,2026-06-25 15:00:00,DRY_VAN_53,2075.81,1381.79,694.02,DELIVERED,True,True
H00519,CU005,C004,LAX_DAL,LAX,DAL,2026-05-31 20:00:00,2026-06-01 06:00:00,2026-06-02 07:00:00,2026-06-03 18:00:00,DRY_VAN_53,3532.38,2907.74,624.65,DELIVERED,True,True
H00520,CU008,C001,CHI_ATL,CHI,ATL,2025-12-02 04:00:00,2025-12-02 14:00:00,2025-12-04 16:00:00,2025-12-05 17:00:00,DRY_VAN_53,2253.47,1864.14,389.33,DELIVERED,True,True
